[{"id":"buildingBlocks","translationKey":"itemGroup.buildingBlocks","item":{"id":"minecraft:brick_block","metadata":0}},{"id":"decorations","translationKey":"itemGroup.decorations","item":{"id":"minecraft:double_plant","metadata":5}},{"id":"redstone","translationKey":"itemGroup.redstone","item":{"id":"minecraft:redstone","metadata":0}},{"id":"transportation","translationKey":"itemGroup.transportation","item":{"id":"minecraft:golden_rail","metadata":0}},{"id":"hotbar","translationKey":"itemGroup.hotbar","item":{"id":"minecraft:bookshelf","metadata":0}},{"id":"search","translationKey":"itemGroup.search","item":{"id":"minecraft:compass","metadata":0}},{"id":"misc","translationKey":"itemGroup.misc","item":{"id":"minecraft:lava_bucket","metadata":0}},{"id":"food","translationKey":"itemGroup.food","item":{"id":"minecraft:apple","metadata":0}},{"id":"tools","translationKey":"itemGroup.tools","item":{"id":"minecraft:iron_axe","metadata":0}},{"id":"combat","translationKey":"itemGroup.combat","item":{"id":"minecraft:golden_sword","metadata":0}},{"id":"brewing","translationKey":"itemGroup.brewing","item":{"id":"minecraft:potion","metadata":0}},{"id":"inventory","translationKey":"itemGroup.inventory","item":{"id":"minecraft:chest","metadata":0}},{"id":"compositegear","translationKey":"itemGroup.compositegear","item":{"id":"minecraft:apple","metadata":0}}]