[{"id":"buildingBlocks","translationKey":"minecraft.itemGroup.buildingBlocks","item":{"id":"minecraft:brick_block","metadata":0}},{"id":"decorations","translationKey":"minecraft.itemGroup.decorations","item":{"id":"minecraft:double_plant","metadata":5}},{"id":"redstone","translationKey":"minecraft.itemGroup.redstone","item":{"id":"minecraft:redstone","metadata":0}},{"id":"transportation","translationKey":"minecraft.itemGroup.transportation","item":{"id":"minecraft:golden_rail","metadata":0}},{"id":"hotbar","translationKey":"minecraft.itemGroup.hotbar","item":{"id":"minecraft:bookshelf","metadata":0}},{"id":"search","translationKey":"minecraft.itemGroup.search","item":{"id":"minecraft:compass","metadata":0}},{"id":"misc","translationKey":"minecraft.itemGroup.misc","item":{"id":"minecraft:lava_bucket","metadata":0}},{"id":"food","translationKey":"minecraft.itemGroup.food","item":{"id":"minecraft:apple","metadata":0}},{"id":"tools","translationKey":"minecraft.itemGroup.tools","item":{"id":"minecraft:iron_axe","metadata":0}},{"id":"combat","translationKey":"minecraft.itemGroup.combat","item":{"id":"minecraft:golden_sword","metadata":0}},{"id":"brewing","translationKey":"minecraft.itemGroup.brewing","item":{"id":"minecraft:potion","metadata":0}},{"id":"inventory","translationKey":"minecraft.itemGroup.inventory","item":{"id":"minecraft:chest","metadata":0}}]