[{"id":"minecraft:protection","translationKey":"enchantment.minecraft.protection"},{"id":"minecraft:fire_protection","translationKey":"enchantment.minecraft.fire_protection"},{"id":"minecraft:feather_falling","translationKey":"enchantment.minecraft.feather_falling"},{"id":"minecraft:blast_protection","translationKey":"enchantment.minecraft.blast_protection"},{"id":"minecraft:projectile_protection","translationKey":"enchantment.minecraft.projectile_protection"},{"id":"minecraft:respiration","translationKey":"enchantment.minecraft.respiration"},{"id":"minecraft:aqua_affinity","translationKey":"enchantment.minecraft.aqua_affinity"},{"id":"minecraft:thorns","translationKey":"enchantment.minecraft.thorns"},{"id":"minecraft:depth_strider","translationKey":"enchantment.minecraft.depth_strider"},{"id":"minecraft:frost_walker","translationKey":"enchantment.minecraft.frost_walker"},{"id":"minecraft:binding_curse","translationKey":"enchantment.minecraft.binding_curse"},{"id":"minecraft:sharpness","translationKey":"enchantment.minecraft.sharpness"},{"id":"minecraft:smite","translationKey":"enchantment.minecraft.smite"},{"id":"minecraft:bane_of_arthropods","translationKey":"enchantment.minecraft.bane_of_arthropods"},{"id":"minecraft:knockback","translationKey":"enchantment.minecraft.knockback"},{"id":"minecraft:fire_aspect","translationKey":"enchantment.minecraft.fire_aspect"},{"id":"minecraft:looting","translationKey":"enchantment.minecraft.looting"},{"id":"minecraft:sweeping","translationKey":"enchantment.minecraft.sweeping"},{"id":"minecraft:efficiency","translationKey":"enchantment.minecraft.efficiency"},{"id":"minecraft:silk_touch","translationKey":"enchantment.minecraft.silk_touch"},{"id":"minecraft:unbreaking","translationKey":"enchantment.minecraft.unbreaking"},{"id":"minecraft:fortune","translationKey":"enchantment.minecraft.fortune"},{"id":"minecraft:power","translationKey":"enchantment.minecraft.power"},{"id":"minecraft:punch","translationKey":"enchantment.minecraft.punch"},{"id":"minecraft:flame","translationKey":"enchantment.minecraft.flame"},{"id":"minecraft:infinity","translationKey":"enchantment.minecraft.infinity"},{"id":"minecraft:luck_of_the_sea","translationKey":"enchantment.minecraft.luck_of_the_sea"},{"id":"minecraft:lure","translationKey":"enchantment.minecraft.lure"},{"id":"minecraft:mending","translationKey":"enchantment.minecraft.mending"},{"id":"minecraft:vanishing_curse","translationKey":"enchantment.minecraft.vanishing_curse"}]