[{"id":"minecraft:air","metadata":0,"translationKey":"minecraft.item.air_0","block":false},{"id":"minecraft:stone","metadata":0,"translationKey":"minecraft.item.stone_0","block":true},{"id":"minecraft:stone","metadata":1,"translationKey":"minecraft.item.stone_1","block":true},{"id":"minecraft:stone","metadata":2,"translationKey":"minecraft.item.stone_2","block":true},{"id":"minecraft:stone","metadata":3,"translationKey":"minecraft.item.stone_3","block":true},{"id":"minecraft:stone","metadata":4,"translationKey":"minecraft.item.stone_4","block":true},{"id":"minecraft:stone","metadata":5,"translationKey":"minecraft.item.stone_5","block":true},{"id":"minecraft:stone","metadata":6,"translationKey":"minecraft.item.stone_6","block":true},{"id":"minecraft:grass","metadata":0,"translationKey":"minecraft.item.grass_0","block":true},{"id":"minecraft:dirt","metadata":0,"translationKey":"minecraft.item.dirt_0","block":true},{"id":"minecraft:dirt","metadata":1,"translationKey":"minecraft.item.dirt_1","block":true},{"id":"minecraft:dirt","metadata":2,"translationKey":"minecraft.item.dirt_2","block":true},{"id":"minecraft:cobblestone","metadata":0,"translationKey":"minecraft.item.cobblestone_0","block":true},{"id":"minecraft:planks","metadata":0,"translationKey":"minecraft.item.planks_0","block":true},{"id":"minecraft:planks","metadata":1,"translationKey":"minecraft.item.planks_1","block":true},{"id":"minecraft:planks","metadata":2,"translationKey":"minecraft.item.planks_2","block":true},{"id":"minecraft:planks","metadata":3,"translationKey":"minecraft.item.planks_3","block":true},{"id":"minecraft:planks","metadata":4,"translationKey":"minecraft.item.planks_4","block":true},{"id":"minecraft:planks","metadata":5,"translationKey":"minecraft.item.planks_5","block":true},{"id":"minecraft:sapling","metadata":0,"translationKey":"minecraft.item.sapling_0","block":true},{"id":"minecraft:sapling","metadata":1,"translationKey":"minecraft.item.sapling_1","block":true},{"id":"minecraft:sapling","metadata":2,"translationKey":"minecraft.item.sapling_2","block":true},{"id":"minecraft:sapling","metadata":3,"translationKey":"minecraft.item.sapling_3","block":true},{"id":"minecraft:sapling","metadata":4,"translationKey":"minecraft.item.sapling_4","block":true},{"id":"minecraft:sapling","metadata":5,"translationKey":"minecraft.item.sapling_5","block":true},{"id":"minecraft:bedrock","metadata":0,"translationKey":"minecraft.item.bedrock_0","block":true},{"id":"minecraft:sand","metadata":0,"translationKey":"minecraft.item.sand_0","block":true},{"id":"minecraft:sand","metadata":1,"translationKey":"minecraft.item.sand_1","block":true},{"id":"minecraft:gravel","metadata":0,"translationKey":"minecraft.item.gravel_0","block":true},{"id":"minecraft:gold_ore","metadata":0,"translationKey":"minecraft.item.gold_ore_0","block":true},{"id":"minecraft:iron_ore","metadata":0,"translationKey":"minecraft.item.iron_ore_0","block":true},{"id":"minecraft:coal_ore","metadata":0,"translationKey":"minecraft.item.coal_ore_0","block":true},{"id":"minecraft:log","metadata":0,"translationKey":"minecraft.item.log_0","block":true},{"id":"minecraft:log","metadata":1,"translationKey":"minecraft.item.log_1","block":true},{"id":"minecraft:log","metadata":2,"translationKey":"minecraft.item.log_2","block":true},{"id":"minecraft:log","metadata":3,"translationKey":"minecraft.item.log_3","block":true},{"id":"minecraft:leaves","metadata":0,"translationKey":"minecraft.item.leaves_0","block":true},{"id":"minecraft:leaves","metadata":1,"translationKey":"minecraft.item.leaves_1","block":true},{"id":"minecraft:leaves","metadata":2,"translationKey":"minecraft.item.leaves_2","block":true},{"id":"minecraft:leaves","metadata":3,"translationKey":"minecraft.item.leaves_3","block":true},{"id":"minecraft:sponge","metadata":0,"translationKey":"minecraft.item.sponge_0","block":true},{"id":"minecraft:sponge","metadata":1,"translationKey":"minecraft.item.sponge_1","block":true},{"id":"minecraft:glass","metadata":0,"translationKey":"minecraft.item.glass_0","block":true},{"id":"minecraft:lapis_ore","metadata":0,"translationKey":"minecraft.item.lapis_ore_0","block":true},{"id":"minecraft:lapis_block","metadata":0,"translationKey":"minecraft.item.lapis_block_0","block":true},{"id":"minecraft:dispenser","metadata":0,"translationKey":"minecraft.item.dispenser_0","block":true},{"id":"minecraft:sandstone","metadata":0,"translationKey":"minecraft.item.sandstone_0","block":true},{"id":"minecraft:sandstone","metadata":1,"translationKey":"minecraft.item.sandstone_1","block":true},{"id":"minecraft:sandstone","metadata":2,"translationKey":"minecraft.item.sandstone_2","block":true},{"id":"minecraft:noteblock","metadata":0,"translationKey":"minecraft.item.noteblock_0","block":true},{"id":"minecraft:golden_rail","metadata":0,"translationKey":"minecraft.item.golden_rail_0","block":true},{"id":"minecraft:detector_rail","metadata":0,"translationKey":"minecraft.item.detector_rail_0","block":true},{"id":"minecraft:sticky_piston","metadata":0,"translationKey":"minecraft.item.sticky_piston_0","block":true},{"id":"minecraft:web","metadata":0,"translationKey":"minecraft.item.web_0","block":true},{"id":"minecraft:tallgrass","metadata":1,"translationKey":"minecraft.item.tallgrass_1","block":true},{"id":"minecraft:tallgrass","metadata":2,"translationKey":"minecraft.item.tallgrass_2","block":true},{"id":"minecraft:deadbush","metadata":0,"translationKey":"minecraft.item.deadbush_0","block":true},{"id":"minecraft:piston","metadata":0,"translationKey":"minecraft.item.piston_0","block":true},{"id":"minecraft:wool","metadata":0,"translationKey":"minecraft.item.wool_0","block":true},{"id":"minecraft:wool","metadata":1,"translationKey":"minecraft.item.wool_1","block":true},{"id":"minecraft:wool","metadata":2,"translationKey":"minecraft.item.wool_2","block":true},{"id":"minecraft:wool","metadata":3,"translationKey":"minecraft.item.wool_3","block":true},{"id":"minecraft:wool","metadata":4,"translationKey":"minecraft.item.wool_4","block":true},{"id":"minecraft:wool","metadata":5,"translationKey":"minecraft.item.wool_5","block":true},{"id":"minecraft:wool","metadata":6,"translationKey":"minecraft.item.wool_6","block":true},{"id":"minecraft:wool","metadata":7,"translationKey":"minecraft.item.wool_7","block":true},{"id":"minecraft:wool","metadata":8,"translationKey":"minecraft.item.wool_8","block":true},{"id":"minecraft:wool","metadata":9,"translationKey":"minecraft.item.wool_9","block":true},{"id":"minecraft:wool","metadata":10,"translationKey":"minecraft.item.wool_10","block":true},{"id":"minecraft:wool","metadata":11,"translationKey":"minecraft.item.wool_11","block":true},{"id":"minecraft:wool","metadata":12,"translationKey":"minecraft.item.wool_12","block":true},{"id":"minecraft:wool","metadata":13,"translationKey":"minecraft.item.wool_13","block":true},{"id":"minecraft:wool","metadata":14,"translationKey":"minecraft.item.wool_14","block":true},{"id":"minecraft:wool","metadata":15,"translationKey":"minecraft.item.wool_15","block":true},{"id":"minecraft:yellow_flower","metadata":0,"translationKey":"minecraft.item.yellow_flower_0","block":true},{"id":"minecraft:red_flower","metadata":0,"translationKey":"minecraft.item.red_flower_0","block":true},{"id":"minecraft:red_flower","metadata":1,"translationKey":"minecraft.item.red_flower_1","block":true},{"id":"minecraft:red_flower","metadata":2,"translationKey":"minecraft.item.red_flower_2","block":true},{"id":"minecraft:red_flower","metadata":3,"translationKey":"minecraft.item.red_flower_3","block":true},{"id":"minecraft:red_flower","metadata":4,"translationKey":"minecraft.item.red_flower_4","block":true},{"id":"minecraft:red_flower","metadata":5,"translationKey":"minecraft.item.red_flower_5","block":true},{"id":"minecraft:red_flower","metadata":6,"translationKey":"minecraft.item.red_flower_6","block":true},{"id":"minecraft:red_flower","metadata":7,"translationKey":"minecraft.item.red_flower_7","block":true},{"id":"minecraft:red_flower","metadata":8,"translationKey":"minecraft.item.red_flower_8","block":true},{"id":"minecraft:brown_mushroom","metadata":0,"translationKey":"minecraft.item.brown_mushroom_0","block":true},{"id":"minecraft:red_mushroom","metadata":0,"translationKey":"minecraft.item.red_mushroom_0","block":true},{"id":"minecraft:gold_block","metadata":0,"translationKey":"minecraft.item.gold_block_0","block":true},{"id":"minecraft:iron_block","metadata":0,"translationKey":"minecraft.item.iron_block_0","block":true},{"id":"minecraft:stone_slab","metadata":0,"translationKey":"minecraft.item.stone_slab_0","block":true},{"id":"minecraft:stone_slab","metadata":1,"translationKey":"minecraft.item.stone_slab_1","block":true},{"id":"minecraft:stone_slab","metadata":3,"translationKey":"minecraft.item.stone_slab_3","block":true},{"id":"minecraft:stone_slab","metadata":4,"translationKey":"minecraft.item.stone_slab_4","block":true},{"id":"minecraft:stone_slab","metadata":5,"translationKey":"minecraft.item.stone_slab_5","block":true},{"id":"minecraft:stone_slab","metadata":6,"translationKey":"minecraft.item.stone_slab_6","block":true},{"id":"minecraft:stone_slab","metadata":7,"translationKey":"minecraft.item.stone_slab_7","block":true},{"id":"minecraft:brick_block","metadata":0,"translationKey":"minecraft.item.brick_block_0","block":true},{"id":"minecraft:tnt","metadata":0,"translationKey":"minecraft.item.tnt_0","block":true},{"id":"minecraft:bookshelf","metadata":0,"translationKey":"minecraft.item.bookshelf_0","block":true},{"id":"minecraft:mossy_cobblestone","metadata":0,"translationKey":"minecraft.item.mossy_cobblestone_0","block":true},{"id":"minecraft:obsidian","metadata":0,"translationKey":"minecraft.item.obsidian_0","block":true},{"id":"minecraft:torch","metadata":0,"translationKey":"minecraft.item.torch_0","block":true},{"id":"minecraft:mob_spawner","metadata":0,"translationKey":"minecraft.item.mob_spawner_0","block":true},{"id":"minecraft:oak_stairs","metadata":0,"translationKey":"minecraft.item.oak_stairs_0","block":true},{"id":"minecraft:chest","metadata":0,"translationKey":"minecraft.item.chest_0","block":true},{"id":"minecraft:diamond_ore","metadata":0,"translationKey":"minecraft.item.diamond_ore_0","block":true},{"id":"minecraft:diamond_block","metadata":0,"translationKey":"minecraft.item.diamond_block_0","block":true},{"id":"minecraft:crafting_table","metadata":0,"translationKey":"minecraft.item.crafting_table_0","block":true},{"id":"minecraft:farmland","metadata":0,"translationKey":"minecraft.item.farmland_0","block":true},{"id":"minecraft:furnace","metadata":0,"translationKey":"minecraft.item.furnace_0","block":true},{"id":"minecraft:ladder","metadata":0,"translationKey":"minecraft.item.ladder_0","block":true},{"id":"minecraft:rail","metadata":0,"translationKey":"minecraft.item.rail_0","block":true},{"id":"minecraft:stone_stairs","metadata":0,"translationKey":"minecraft.item.stone_stairs_0","block":true},{"id":"minecraft:lever","metadata":0,"translationKey":"minecraft.item.lever_0","block":true},{"id":"minecraft:stone_pressure_plate","metadata":0,"translationKey":"minecraft.item.stone_pressure_plate_0","block":true},{"id":"minecraft:wooden_pressure_plate","metadata":0,"translationKey":"minecraft.item.wooden_pressure_plate_0","block":true},{"id":"minecraft:redstone_ore","metadata":0,"translationKey":"minecraft.item.redstone_ore_0","block":true},{"id":"minecraft:redstone_torch","metadata":0,"translationKey":"minecraft.item.redstone_torch_0","block":true},{"id":"minecraft:stone_button","metadata":0,"translationKey":"minecraft.item.stone_button_0","block":true},{"id":"minecraft:snow_layer","metadata":0,"translationKey":"minecraft.item.snow_layer_0","block":true},{"id":"minecraft:ice","metadata":0,"translationKey":"minecraft.item.ice_0","block":true},{"id":"minecraft:snow","metadata":0,"translationKey":"minecraft.item.snow_0","block":true},{"id":"minecraft:cactus","metadata":0,"translationKey":"minecraft.item.cactus_0","block":true},{"id":"minecraft:clay","metadata":0,"translationKey":"minecraft.item.clay_0","block":true},{"id":"minecraft:jukebox","metadata":0,"translationKey":"minecraft.item.jukebox_0","block":true},{"id":"minecraft:fence","metadata":0,"translationKey":"minecraft.item.fence_0","block":true},{"id":"minecraft:pumpkin","metadata":0,"translationKey":"minecraft.item.pumpkin_0","block":true},{"id":"minecraft:netherrack","metadata":0,"translationKey":"minecraft.item.netherrack_0","block":true},{"id":"minecraft:soul_sand","metadata":0,"translationKey":"minecraft.item.soul_sand_0","block":true},{"id":"minecraft:glowstone","metadata":0,"translationKey":"minecraft.item.glowstone_0","block":true},{"id":"minecraft:lit_pumpkin","metadata":0,"translationKey":"minecraft.item.lit_pumpkin_0","block":true},{"id":"minecraft:stained_glass","metadata":0,"translationKey":"minecraft.item.stained_glass_0","block":true},{"id":"minecraft:stained_glass","metadata":1,"translationKey":"minecraft.item.stained_glass_1","block":true},{"id":"minecraft:stained_glass","metadata":2,"translationKey":"minecraft.item.stained_glass_2","block":true},{"id":"minecraft:stained_glass","metadata":3,"translationKey":"minecraft.item.stained_glass_3","block":true},{"id":"minecraft:stained_glass","metadata":4,"translationKey":"minecraft.item.stained_glass_4","block":true},{"id":"minecraft:stained_glass","metadata":5,"translationKey":"minecraft.item.stained_glass_5","block":true},{"id":"minecraft:stained_glass","metadata":6,"translationKey":"minecraft.item.stained_glass_6","block":true},{"id":"minecraft:stained_glass","metadata":7,"translationKey":"minecraft.item.stained_glass_7","block":true},{"id":"minecraft:stained_glass","metadata":8,"translationKey":"minecraft.item.stained_glass_8","block":true},{"id":"minecraft:stained_glass","metadata":9,"translationKey":"minecraft.item.stained_glass_9","block":true},{"id":"minecraft:stained_glass","metadata":10,"translationKey":"minecraft.item.stained_glass_10","block":true},{"id":"minecraft:stained_glass","metadata":11,"translationKey":"minecraft.item.stained_glass_11","block":true},{"id":"minecraft:stained_glass","metadata":12,"translationKey":"minecraft.item.stained_glass_12","block":true},{"id":"minecraft:stained_glass","metadata":13,"translationKey":"minecraft.item.stained_glass_13","block":true},{"id":"minecraft:stained_glass","metadata":14,"translationKey":"minecraft.item.stained_glass_14","block":true},{"id":"minecraft:stained_glass","metadata":15,"translationKey":"minecraft.item.stained_glass_15","block":true},{"id":"minecraft:trapdoor","metadata":0,"translationKey":"minecraft.item.trapdoor_0","block":true},{"id":"minecraft:monster_egg","metadata":0,"translationKey":"minecraft.item.monster_egg_0","block":true},{"id":"minecraft:monster_egg","metadata":1,"translationKey":"minecraft.item.monster_egg_1","block":true},{"id":"minecraft:monster_egg","metadata":2,"translationKey":"minecraft.item.monster_egg_2","block":true},{"id":"minecraft:monster_egg","metadata":3,"translationKey":"minecraft.item.monster_egg_3","block":true},{"id":"minecraft:monster_egg","metadata":4,"translationKey":"minecraft.item.monster_egg_4","block":true},{"id":"minecraft:monster_egg","metadata":5,"translationKey":"minecraft.item.monster_egg_5","block":true},{"id":"minecraft:stonebrick","metadata":0,"translationKey":"minecraft.item.stonebrick_0","block":true},{"id":"minecraft:stonebrick","metadata":1,"translationKey":"minecraft.item.stonebrick_1","block":true},{"id":"minecraft:stonebrick","metadata":2,"translationKey":"minecraft.item.stonebrick_2","block":true},{"id":"minecraft:stonebrick","metadata":3,"translationKey":"minecraft.item.stonebrick_3","block":true},{"id":"minecraft:brown_mushroom_block","metadata":0,"translationKey":"minecraft.item.brown_mushroom_block_0","block":true},{"id":"minecraft:red_mushroom_block","metadata":0,"translationKey":"minecraft.item.red_mushroom_block_0","block":true},{"id":"minecraft:iron_bars","metadata":0,"translationKey":"minecraft.item.iron_bars_0","block":true},{"id":"minecraft:glass_pane","metadata":0,"translationKey":"minecraft.item.glass_pane_0","block":true},{"id":"minecraft:melon_block","metadata":0,"translationKey":"minecraft.item.melon_block_0","block":true},{"id":"minecraft:vine","metadata":0,"translationKey":"minecraft.item.vine_0","block":true},{"id":"minecraft:fence_gate","metadata":0,"translationKey":"minecraft.item.fence_gate_0","block":true},{"id":"minecraft:brick_stairs","metadata":0,"translationKey":"minecraft.item.brick_stairs_0","block":true},{"id":"minecraft:stone_brick_stairs","metadata":0,"translationKey":"minecraft.item.stone_brick_stairs_0","block":true},{"id":"minecraft:mycelium","metadata":0,"translationKey":"minecraft.item.mycelium_0","block":true},{"id":"minecraft:waterlily","metadata":0,"translationKey":"minecraft.item.waterlily_0","block":true},{"id":"minecraft:nether_brick","metadata":0,"translationKey":"minecraft.item.nether_brick_0","block":true},{"id":"minecraft:nether_brick_fence","metadata":0,"translationKey":"minecraft.item.nether_brick_fence_0","block":true},{"id":"minecraft:nether_brick_stairs","metadata":0,"translationKey":"minecraft.item.nether_brick_stairs_0","block":true},{"id":"minecraft:enchanting_table","metadata":0,"translationKey":"minecraft.item.enchanting_table_0","block":true},{"id":"minecraft:end_portal_frame","metadata":0,"translationKey":"minecraft.item.end_portal_frame_0","block":true},{"id":"minecraft:end_stone","metadata":0,"translationKey":"minecraft.item.end_stone_0","block":true},{"id":"minecraft:dragon_egg","metadata":0,"translationKey":"minecraft.item.dragon_egg_0","block":true},{"id":"minecraft:redstone_lamp","metadata":0,"translationKey":"minecraft.item.redstone_lamp_0","block":true},{"id":"minecraft:wooden_slab","metadata":0,"translationKey":"minecraft.item.wooden_slab_0","block":true},{"id":"minecraft:wooden_slab","metadata":1,"translationKey":"minecraft.item.wooden_slab_1","block":true},{"id":"minecraft:wooden_slab","metadata":2,"translationKey":"minecraft.item.wooden_slab_2","block":true},{"id":"minecraft:wooden_slab","metadata":3,"translationKey":"minecraft.item.wooden_slab_3","block":true},{"id":"minecraft:wooden_slab","metadata":4,"translationKey":"minecraft.item.wooden_slab_4","block":true},{"id":"minecraft:wooden_slab","metadata":5,"translationKey":"minecraft.item.wooden_slab_5","block":true},{"id":"minecraft:sandstone_stairs","metadata":0,"translationKey":"minecraft.item.sandstone_stairs_0","block":true},{"id":"minecraft:emerald_ore","metadata":0,"translationKey":"minecraft.item.emerald_ore_0","block":true},{"id":"minecraft:ender_chest","metadata":0,"translationKey":"minecraft.item.ender_chest_0","block":true},{"id":"minecraft:tripwire_hook","metadata":0,"translationKey":"minecraft.item.tripwire_hook_0","block":true},{"id":"minecraft:emerald_block","metadata":0,"translationKey":"minecraft.item.emerald_block_0","block":true},{"id":"minecraft:spruce_stairs","metadata":0,"translationKey":"minecraft.item.spruce_stairs_0","block":true},{"id":"minecraft:birch_stairs","metadata":0,"translationKey":"minecraft.item.birch_stairs_0","block":true},{"id":"minecraft:jungle_stairs","metadata":0,"translationKey":"minecraft.item.jungle_stairs_0","block":true},{"id":"minecraft:command_block","metadata":0,"translationKey":"minecraft.item.command_block_0","block":true},{"id":"minecraft:beacon","metadata":0,"translationKey":"minecraft.item.beacon_0","block":true},{"id":"minecraft:cobblestone_wall","metadata":0,"translationKey":"minecraft.item.cobblestone_wall_0","block":true},{"id":"minecraft:cobblestone_wall","metadata":1,"translationKey":"minecraft.item.cobblestone_wall_1","block":true},{"id":"minecraft:wooden_button","metadata":0,"translationKey":"minecraft.item.wooden_button_0","block":true},{"id":"minecraft:anvil","metadata":0,"translationKey":"minecraft.item.anvil_0","block":true},{"id":"minecraft:anvil","metadata":1,"translationKey":"minecraft.item.anvil_1","block":true},{"id":"minecraft:anvil","metadata":2,"translationKey":"minecraft.item.anvil_2","block":true},{"id":"minecraft:trapped_chest","metadata":0,"translationKey":"minecraft.item.trapped_chest_0","block":true},{"id":"minecraft:light_weighted_pressure_plate","metadata":0,"translationKey":"minecraft.item.light_weighted_pressure_plate_0","block":true},{"id":"minecraft:heavy_weighted_pressure_plate","metadata":0,"translationKey":"minecraft.item.heavy_weighted_pressure_plate_0","block":true},{"id":"minecraft:daylight_detector","metadata":0,"translationKey":"minecraft.item.daylight_detector_0","block":true},{"id":"minecraft:redstone_block","metadata":0,"translationKey":"minecraft.item.redstone_block_0","block":true},{"id":"minecraft:quartz_ore","metadata":0,"translationKey":"minecraft.item.quartz_ore_0","block":true},{"id":"minecraft:hopper","metadata":0,"translationKey":"minecraft.item.hopper_0","block":true},{"id":"minecraft:quartz_block","metadata":0,"translationKey":"minecraft.item.quartz_block_0","block":true},{"id":"minecraft:quartz_block","metadata":1,"translationKey":"minecraft.item.quartz_block_1","block":true},{"id":"minecraft:quartz_block","metadata":2,"translationKey":"minecraft.item.quartz_block_2","block":true},{"id":"minecraft:quartz_stairs","metadata":0,"translationKey":"minecraft.item.quartz_stairs_0","block":true},{"id":"minecraft:activator_rail","metadata":0,"translationKey":"minecraft.item.activator_rail_0","block":true},{"id":"minecraft:dropper","metadata":0,"translationKey":"minecraft.item.dropper_0","block":true},{"id":"minecraft:stained_hardened_clay","metadata":0,"translationKey":"minecraft.item.stained_hardened_clay_0","block":true},{"id":"minecraft:stained_hardened_clay","metadata":1,"translationKey":"minecraft.item.stained_hardened_clay_1","block":true},{"id":"minecraft:stained_hardened_clay","metadata":2,"translationKey":"minecraft.item.stained_hardened_clay_2","block":true},{"id":"minecraft:stained_hardened_clay","metadata":3,"translationKey":"minecraft.item.stained_hardened_clay_3","block":true},{"id":"minecraft:stained_hardened_clay","metadata":4,"translationKey":"minecraft.item.stained_hardened_clay_4","block":true},{"id":"minecraft:stained_hardened_clay","metadata":5,"translationKey":"minecraft.item.stained_hardened_clay_5","block":true},{"id":"minecraft:stained_hardened_clay","metadata":6,"translationKey":"minecraft.item.stained_hardened_clay_6","block":true},{"id":"minecraft:stained_hardened_clay","metadata":7,"translationKey":"minecraft.item.stained_hardened_clay_7","block":true},{"id":"minecraft:stained_hardened_clay","metadata":8,"translationKey":"minecraft.item.stained_hardened_clay_8","block":true},{"id":"minecraft:stained_hardened_clay","metadata":9,"translationKey":"minecraft.item.stained_hardened_clay_9","block":true},{"id":"minecraft:stained_hardened_clay","metadata":10,"translationKey":"minecraft.item.stained_hardened_clay_10","block":true},{"id":"minecraft:stained_hardened_clay","metadata":11,"translationKey":"minecraft.item.stained_hardened_clay_11","block":true},{"id":"minecraft:stained_hardened_clay","metadata":12,"translationKey":"minecraft.item.stained_hardened_clay_12","block":true},{"id":"minecraft:stained_hardened_clay","metadata":13,"translationKey":"minecraft.item.stained_hardened_clay_13","block":true},{"id":"minecraft:stained_hardened_clay","metadata":14,"translationKey":"minecraft.item.stained_hardened_clay_14","block":true},{"id":"minecraft:stained_hardened_clay","metadata":15,"translationKey":"minecraft.item.stained_hardened_clay_15","block":true},{"id":"minecraft:stained_glass_pane","metadata":0,"translationKey":"minecraft.item.stained_glass_pane_0","block":true},{"id":"minecraft:stained_glass_pane","metadata":1,"translationKey":"minecraft.item.stained_glass_pane_1","block":true},{"id":"minecraft:stained_glass_pane","metadata":2,"translationKey":"minecraft.item.stained_glass_pane_2","block":true},{"id":"minecraft:stained_glass_pane","metadata":3,"translationKey":"minecraft.item.stained_glass_pane_3","block":true},{"id":"minecraft:stained_glass_pane","metadata":4,"translationKey":"minecraft.item.stained_glass_pane_4","block":true},{"id":"minecraft:stained_glass_pane","metadata":5,"translationKey":"minecraft.item.stained_glass_pane_5","block":true},{"id":"minecraft:stained_glass_pane","metadata":6,"translationKey":"minecraft.item.stained_glass_pane_6","block":true},{"id":"minecraft:stained_glass_pane","metadata":7,"translationKey":"minecraft.item.stained_glass_pane_7","block":true},{"id":"minecraft:stained_glass_pane","metadata":8,"translationKey":"minecraft.item.stained_glass_pane_8","block":true},{"id":"minecraft:stained_glass_pane","metadata":9,"translationKey":"minecraft.item.stained_glass_pane_9","block":true},{"id":"minecraft:stained_glass_pane","metadata":10,"translationKey":"minecraft.item.stained_glass_pane_10","block":true},{"id":"minecraft:stained_glass_pane","metadata":11,"translationKey":"minecraft.item.stained_glass_pane_11","block":true},{"id":"minecraft:stained_glass_pane","metadata":12,"translationKey":"minecraft.item.stained_glass_pane_12","block":true},{"id":"minecraft:stained_glass_pane","metadata":13,"translationKey":"minecraft.item.stained_glass_pane_13","block":true},{"id":"minecraft:stained_glass_pane","metadata":14,"translationKey":"minecraft.item.stained_glass_pane_14","block":true},{"id":"minecraft:stained_glass_pane","metadata":15,"translationKey":"minecraft.item.stained_glass_pane_15","block":true},{"id":"minecraft:leaves2","metadata":0,"translationKey":"minecraft.item.leaves2_0","block":true},{"id":"minecraft:leaves2","metadata":1,"translationKey":"minecraft.item.leaves2_1","block":true},{"id":"minecraft:log2","metadata":0,"translationKey":"minecraft.item.log2_0","block":true},{"id":"minecraft:log2","metadata":1,"translationKey":"minecraft.item.log2_1","block":true},{"id":"minecraft:acacia_stairs","metadata":0,"translationKey":"minecraft.item.acacia_stairs_0","block":true},{"id":"minecraft:dark_oak_stairs","metadata":0,"translationKey":"minecraft.item.dark_oak_stairs_0","block":true},{"id":"minecraft:slime","metadata":0,"translationKey":"minecraft.item.slime_0","block":true},{"id":"minecraft:barrier","metadata":0,"translationKey":"minecraft.item.barrier_0","block":true},{"id":"minecraft:iron_trapdoor","metadata":0,"translationKey":"minecraft.item.iron_trapdoor_0","block":true},{"id":"minecraft:prismarine","metadata":0,"translationKey":"minecraft.item.prismarine_0","block":true},{"id":"minecraft:prismarine","metadata":1,"translationKey":"minecraft.item.prismarine_1","block":true},{"id":"minecraft:prismarine","metadata":2,"translationKey":"minecraft.item.prismarine_2","block":true},{"id":"minecraft:sea_lantern","metadata":0,"translationKey":"minecraft.item.sea_lantern_0","block":true},{"id":"minecraft:hay_block","metadata":0,"translationKey":"minecraft.item.hay_block_0","block":true},{"id":"minecraft:carpet","metadata":0,"translationKey":"minecraft.item.carpet_0","block":true},{"id":"minecraft:carpet","metadata":1,"translationKey":"minecraft.item.carpet_1","block":true},{"id":"minecraft:carpet","metadata":2,"translationKey":"minecraft.item.carpet_2","block":true},{"id":"minecraft:carpet","metadata":3,"translationKey":"minecraft.item.carpet_3","block":true},{"id":"minecraft:carpet","metadata":4,"translationKey":"minecraft.item.carpet_4","block":true},{"id":"minecraft:carpet","metadata":5,"translationKey":"minecraft.item.carpet_5","block":true},{"id":"minecraft:carpet","metadata":6,"translationKey":"minecraft.item.carpet_6","block":true},{"id":"minecraft:carpet","metadata":7,"translationKey":"minecraft.item.carpet_7","block":true},{"id":"minecraft:carpet","metadata":8,"translationKey":"minecraft.item.carpet_8","block":true},{"id":"minecraft:carpet","metadata":9,"translationKey":"minecraft.item.carpet_9","block":true},{"id":"minecraft:carpet","metadata":10,"translationKey":"minecraft.item.carpet_10","block":true},{"id":"minecraft:carpet","metadata":11,"translationKey":"minecraft.item.carpet_11","block":true},{"id":"minecraft:carpet","metadata":12,"translationKey":"minecraft.item.carpet_12","block":true},{"id":"minecraft:carpet","metadata":13,"translationKey":"minecraft.item.carpet_13","block":true},{"id":"minecraft:carpet","metadata":14,"translationKey":"minecraft.item.carpet_14","block":true},{"id":"minecraft:carpet","metadata":15,"translationKey":"minecraft.item.carpet_15","block":true},{"id":"minecraft:hardened_clay","metadata":0,"translationKey":"minecraft.item.hardened_clay_0","block":true},{"id":"minecraft:coal_block","metadata":0,"translationKey":"minecraft.item.coal_block_0","block":true},{"id":"minecraft:packed_ice","metadata":0,"translationKey":"minecraft.item.packed_ice_0","block":true},{"id":"minecraft:double_plant","metadata":0,"translationKey":"minecraft.item.double_plant_0","block":true},{"id":"minecraft:double_plant","metadata":1,"translationKey":"minecraft.item.double_plant_1","block":true},{"id":"minecraft:double_plant","metadata":2,"translationKey":"minecraft.item.double_plant_2","block":true},{"id":"minecraft:double_plant","metadata":3,"translationKey":"minecraft.item.double_plant_3","block":true},{"id":"minecraft:double_plant","metadata":4,"translationKey":"minecraft.item.double_plant_4","block":true},{"id":"minecraft:double_plant","metadata":5,"translationKey":"minecraft.item.double_plant_5","block":true},{"id":"minecraft:red_sandstone","metadata":0,"translationKey":"minecraft.item.red_sandstone_0","block":true},{"id":"minecraft:red_sandstone","metadata":1,"translationKey":"minecraft.item.red_sandstone_1","block":true},{"id":"minecraft:red_sandstone","metadata":2,"translationKey":"minecraft.item.red_sandstone_2","block":true},{"id":"minecraft:red_sandstone_stairs","metadata":0,"translationKey":"minecraft.item.red_sandstone_stairs_0","block":true},{"id":"minecraft:stone_slab2","metadata":0,"translationKey":"minecraft.item.stone_slab2_0","block":true},{"id":"minecraft:spruce_fence_gate","metadata":0,"translationKey":"minecraft.item.spruce_fence_gate_0","block":true},{"id":"minecraft:birch_fence_gate","metadata":0,"translationKey":"minecraft.item.birch_fence_gate_0","block":true},{"id":"minecraft:jungle_fence_gate","metadata":0,"translationKey":"minecraft.item.jungle_fence_gate_0","block":true},{"id":"minecraft:dark_oak_fence_gate","metadata":0,"translationKey":"minecraft.item.dark_oak_fence_gate_0","block":true},{"id":"minecraft:acacia_fence_gate","metadata":0,"translationKey":"minecraft.item.acacia_fence_gate_0","block":true},{"id":"minecraft:spruce_fence","metadata":0,"translationKey":"minecraft.item.spruce_fence_0","block":true},{"id":"minecraft:birch_fence","metadata":0,"translationKey":"minecraft.item.birch_fence_0","block":true},{"id":"minecraft:jungle_fence","metadata":0,"translationKey":"minecraft.item.jungle_fence_0","block":true},{"id":"minecraft:dark_oak_fence","metadata":0,"translationKey":"minecraft.item.dark_oak_fence_0","block":true},{"id":"minecraft:acacia_fence","metadata":0,"translationKey":"minecraft.item.acacia_fence_0","block":true},{"id":"minecraft:end_rod","metadata":0,"translationKey":"minecraft.item.end_rod_0","block":true},{"id":"minecraft:chorus_plant","metadata":0,"translationKey":"minecraft.item.chorus_plant_0","block":true},{"id":"minecraft:chorus_flower","metadata":0,"translationKey":"minecraft.item.chorus_flower_0","block":true},{"id":"minecraft:purpur_block","metadata":0,"translationKey":"minecraft.item.purpur_block_0","block":true},{"id":"minecraft:purpur_pillar","metadata":0,"translationKey":"minecraft.item.purpur_pillar_0","block":true},{"id":"minecraft:purpur_stairs","metadata":0,"translationKey":"minecraft.item.purpur_stairs_0","block":true},{"id":"minecraft:purpur_slab","metadata":0,"translationKey":"minecraft.item.purpur_slab_0","block":true},{"id":"minecraft:end_bricks","metadata":0,"translationKey":"minecraft.item.end_bricks_0","block":true},{"id":"minecraft:grass_path","metadata":0,"translationKey":"minecraft.item.grass_path_0","block":true},{"id":"minecraft:repeating_command_block","metadata":0,"translationKey":"minecraft.item.repeating_command_block_0","block":true},{"id":"minecraft:chain_command_block","metadata":0,"translationKey":"minecraft.item.chain_command_block_0","block":true},{"id":"minecraft:magma","metadata":0,"translationKey":"minecraft.item.magma_0","block":true},{"id":"minecraft:nether_wart_block","metadata":0,"translationKey":"minecraft.item.nether_wart_block_0","block":true},{"id":"minecraft:red_nether_brick","metadata":0,"translationKey":"minecraft.item.red_nether_brick_0","block":true},{"id":"minecraft:bone_block","metadata":0,"translationKey":"minecraft.item.bone_block_0","block":true},{"id":"minecraft:structure_void","metadata":0,"translationKey":"minecraft.item.structure_void_0","block":true},{"id":"minecraft:observer","metadata":0,"translationKey":"minecraft.item.observer_0","block":true},{"id":"minecraft:white_shulker_box","metadata":0,"translationKey":"minecraft.item.white_shulker_box_0","block":true},{"id":"minecraft:orange_shulker_box","metadata":0,"translationKey":"minecraft.item.orange_shulker_box_0","block":true},{"id":"minecraft:magenta_shulker_box","metadata":0,"translationKey":"minecraft.item.magenta_shulker_box_0","block":true},{"id":"minecraft:light_blue_shulker_box","metadata":0,"translationKey":"minecraft.item.light_blue_shulker_box_0","block":true},{"id":"minecraft:yellow_shulker_box","metadata":0,"translationKey":"minecraft.item.yellow_shulker_box_0","block":true},{"id":"minecraft:lime_shulker_box","metadata":0,"translationKey":"minecraft.item.lime_shulker_box_0","block":true},{"id":"minecraft:pink_shulker_box","metadata":0,"translationKey":"minecraft.item.pink_shulker_box_0","block":true},{"id":"minecraft:gray_shulker_box","metadata":0,"translationKey":"minecraft.item.gray_shulker_box_0","block":true},{"id":"minecraft:silver_shulker_box","metadata":0,"translationKey":"minecraft.item.silver_shulker_box_0","block":true},{"id":"minecraft:cyan_shulker_box","metadata":0,"translationKey":"minecraft.item.cyan_shulker_box_0","block":true},{"id":"minecraft:purple_shulker_box","metadata":0,"translationKey":"minecraft.item.purple_shulker_box_0","block":true},{"id":"minecraft:blue_shulker_box","metadata":0,"translationKey":"minecraft.item.blue_shulker_box_0","block":true},{"id":"minecraft:brown_shulker_box","metadata":0,"translationKey":"minecraft.item.brown_shulker_box_0","block":true},{"id":"minecraft:green_shulker_box","metadata":0,"translationKey":"minecraft.item.green_shulker_box_0","block":true},{"id":"minecraft:red_shulker_box","metadata":0,"translationKey":"minecraft.item.red_shulker_box_0","block":true},{"id":"minecraft:black_shulker_box","metadata":0,"translationKey":"minecraft.item.black_shulker_box_0","block":true},{"id":"minecraft:white_glazed_terracotta","metadata":0,"translationKey":"minecraft.item.white_glazed_terracotta_0","block":true},{"id":"minecraft:orange_glazed_terracotta","metadata":0,"translationKey":"minecraft.item.orange_glazed_terracotta_0","block":true},{"id":"minecraft:magenta_glazed_terracotta","metadata":0,"translationKey":"minecraft.item.magenta_glazed_terracotta_0","block":true},{"id":"minecraft:light_blue_glazed_terracotta","metadata":0,"translationKey":"minecraft.item.light_blue_glazed_terracotta_0","block":true},{"id":"minecraft:yellow_glazed_terracotta","metadata":0,"translationKey":"minecraft.item.yellow_glazed_terracotta_0","block":true},{"id":"minecraft:lime_glazed_terracotta","metadata":0,"translationKey":"minecraft.item.lime_glazed_terracotta_0","block":true},{"id":"minecraft:pink_glazed_terracotta","metadata":0,"translationKey":"minecraft.item.pink_glazed_terracotta_0","block":true},{"id":"minecraft:gray_glazed_terracotta","metadata":0,"translationKey":"minecraft.item.gray_glazed_terracotta_0","block":true},{"id":"minecraft:silver_glazed_terracotta","metadata":0,"translationKey":"minecraft.item.silver_glazed_terracotta_0","block":true},{"id":"minecraft:cyan_glazed_terracotta","metadata":0,"translationKey":"minecraft.item.cyan_glazed_terracotta_0","block":true},{"id":"minecraft:purple_glazed_terracotta","metadata":0,"translationKey":"minecraft.item.purple_glazed_terracotta_0","block":true},{"id":"minecraft:blue_glazed_terracotta","metadata":0,"translationKey":"minecraft.item.blue_glazed_terracotta_0","block":true},{"id":"minecraft:brown_glazed_terracotta","metadata":0,"translationKey":"minecraft.item.brown_glazed_terracotta_0","block":true},{"id":"minecraft:green_glazed_terracotta","metadata":0,"translationKey":"minecraft.item.green_glazed_terracotta_0","block":true},{"id":"minecraft:red_glazed_terracotta","metadata":0,"translationKey":"minecraft.item.red_glazed_terracotta_0","block":true},{"id":"minecraft:black_glazed_terracotta","metadata":0,"translationKey":"minecraft.item.black_glazed_terracotta_0","block":true},{"id":"minecraft:concrete","metadata":0,"translationKey":"minecraft.item.concrete_0","block":true},{"id":"minecraft:concrete","metadata":1,"translationKey":"minecraft.item.concrete_1","block":true},{"id":"minecraft:concrete","metadata":2,"translationKey":"minecraft.item.concrete_2","block":true},{"id":"minecraft:concrete","metadata":3,"translationKey":"minecraft.item.concrete_3","block":true},{"id":"minecraft:concrete","metadata":4,"translationKey":"minecraft.item.concrete_4","block":true},{"id":"minecraft:concrete","metadata":5,"translationKey":"minecraft.item.concrete_5","block":true},{"id":"minecraft:concrete","metadata":6,"translationKey":"minecraft.item.concrete_6","block":true},{"id":"minecraft:concrete","metadata":7,"translationKey":"minecraft.item.concrete_7","block":true},{"id":"minecraft:concrete","metadata":8,"translationKey":"minecraft.item.concrete_8","block":true},{"id":"minecraft:concrete","metadata":9,"translationKey":"minecraft.item.concrete_9","block":true},{"id":"minecraft:concrete","metadata":10,"translationKey":"minecraft.item.concrete_10","block":true},{"id":"minecraft:concrete","metadata":11,"translationKey":"minecraft.item.concrete_11","block":true},{"id":"minecraft:concrete","metadata":12,"translationKey":"minecraft.item.concrete_12","block":true},{"id":"minecraft:concrete","metadata":13,"translationKey":"minecraft.item.concrete_13","block":true},{"id":"minecraft:concrete","metadata":14,"translationKey":"minecraft.item.concrete_14","block":true},{"id":"minecraft:concrete","metadata":15,"translationKey":"minecraft.item.concrete_15","block":true},{"id":"minecraft:concrete_powder","metadata":0,"translationKey":"minecraft.item.concrete_powder_0","block":true},{"id":"minecraft:concrete_powder","metadata":1,"translationKey":"minecraft.item.concrete_powder_1","block":true},{"id":"minecraft:concrete_powder","metadata":2,"translationKey":"minecraft.item.concrete_powder_2","block":true},{"id":"minecraft:concrete_powder","metadata":3,"translationKey":"minecraft.item.concrete_powder_3","block":true},{"id":"minecraft:concrete_powder","metadata":4,"translationKey":"minecraft.item.concrete_powder_4","block":true},{"id":"minecraft:concrete_powder","metadata":5,"translationKey":"minecraft.item.concrete_powder_5","block":true},{"id":"minecraft:concrete_powder","metadata":6,"translationKey":"minecraft.item.concrete_powder_6","block":true},{"id":"minecraft:concrete_powder","metadata":7,"translationKey":"minecraft.item.concrete_powder_7","block":true},{"id":"minecraft:concrete_powder","metadata":8,"translationKey":"minecraft.item.concrete_powder_8","block":true},{"id":"minecraft:concrete_powder","metadata":9,"translationKey":"minecraft.item.concrete_powder_9","block":true},{"id":"minecraft:concrete_powder","metadata":10,"translationKey":"minecraft.item.concrete_powder_10","block":true},{"id":"minecraft:concrete_powder","metadata":11,"translationKey":"minecraft.item.concrete_powder_11","block":true},{"id":"minecraft:concrete_powder","metadata":12,"translationKey":"minecraft.item.concrete_powder_12","block":true},{"id":"minecraft:concrete_powder","metadata":13,"translationKey":"minecraft.item.concrete_powder_13","block":true},{"id":"minecraft:concrete_powder","metadata":14,"translationKey":"minecraft.item.concrete_powder_14","block":true},{"id":"minecraft:concrete_powder","metadata":15,"translationKey":"minecraft.item.concrete_powder_15","block":true},{"id":"minecraft:structure_block","metadata":0,"translationKey":"minecraft.item.structure_block_0","block":true},{"id":"minecraft:iron_shovel","metadata":0,"translationKey":"minecraft.item.iron_shovel_0","block":false},{"id":"minecraft:iron_pickaxe","metadata":0,"translationKey":"minecraft.item.iron_pickaxe_0","block":false},{"id":"minecraft:iron_axe","metadata":0,"translationKey":"minecraft.item.iron_axe_0","block":false},{"id":"minecraft:flint_and_steel","metadata":0,"translationKey":"minecraft.item.flint_and_steel_0","block":false},{"id":"minecraft:apple","metadata":0,"translationKey":"minecraft.item.apple_0","block":false},{"id":"minecraft:bow","metadata":0,"translationKey":"minecraft.item.bow_0","block":false},{"id":"minecraft:arrow","metadata":0,"translationKey":"minecraft.item.arrow_0","block":false},{"id":"minecraft:coal","metadata":0,"translationKey":"minecraft.item.coal_0","block":false},{"id":"minecraft:coal","metadata":1,"translationKey":"minecraft.item.coal_1","block":false},{"id":"minecraft:diamond","metadata":0,"translationKey":"minecraft.item.diamond_0","block":false},{"id":"minecraft:iron_ingot","metadata":0,"translationKey":"minecraft.item.iron_ingot_0","block":false},{"id":"minecraft:gold_ingot","metadata":0,"translationKey":"minecraft.item.gold_ingot_0","block":false},{"id":"minecraft:iron_sword","metadata":0,"translationKey":"minecraft.item.iron_sword_0","block":false},{"id":"minecraft:wooden_sword","metadata":0,"translationKey":"minecraft.item.wooden_sword_0","block":false},{"id":"minecraft:wooden_shovel","metadata":0,"translationKey":"minecraft.item.wooden_shovel_0","block":false},{"id":"minecraft:wooden_pickaxe","metadata":0,"translationKey":"minecraft.item.wooden_pickaxe_0","block":false},{"id":"minecraft:wooden_axe","metadata":0,"translationKey":"minecraft.item.wooden_axe_0","block":false},{"id":"minecraft:stone_sword","metadata":0,"translationKey":"minecraft.item.stone_sword_0","block":false},{"id":"minecraft:stone_shovel","metadata":0,"translationKey":"minecraft.item.stone_shovel_0","block":false},{"id":"minecraft:stone_pickaxe","metadata":0,"translationKey":"minecraft.item.stone_pickaxe_0","block":false},{"id":"minecraft:stone_axe","metadata":0,"translationKey":"minecraft.item.stone_axe_0","block":false},{"id":"minecraft:diamond_sword","metadata":0,"translationKey":"minecraft.item.diamond_sword_0","block":false},{"id":"minecraft:diamond_shovel","metadata":0,"translationKey":"minecraft.item.diamond_shovel_0","block":false},{"id":"minecraft:diamond_pickaxe","metadata":0,"translationKey":"minecraft.item.diamond_pickaxe_0","block":false},{"id":"minecraft:diamond_axe","metadata":0,"translationKey":"minecraft.item.diamond_axe_0","block":false},{"id":"minecraft:stick","metadata":0,"translationKey":"minecraft.item.stick_0","block":false},{"id":"minecraft:bowl","metadata":0,"translationKey":"minecraft.item.bowl_0","block":false},{"id":"minecraft:mushroom_stew","metadata":0,"translationKey":"minecraft.item.mushroom_stew_0","block":false},{"id":"minecraft:golden_sword","metadata":0,"translationKey":"minecraft.item.golden_sword_0","block":false},{"id":"minecraft:golden_shovel","metadata":0,"translationKey":"minecraft.item.golden_shovel_0","block":false},{"id":"minecraft:golden_pickaxe","metadata":0,"translationKey":"minecraft.item.golden_pickaxe_0","block":false},{"id":"minecraft:golden_axe","metadata":0,"translationKey":"minecraft.item.golden_axe_0","block":false},{"id":"minecraft:string","metadata":0,"translationKey":"minecraft.item.string_0","block":false},{"id":"minecraft:feather","metadata":0,"translationKey":"minecraft.item.feather_0","block":false},{"id":"minecraft:gunpowder","metadata":0,"translationKey":"minecraft.item.gunpowder_0","block":false},{"id":"minecraft:wooden_hoe","metadata":0,"translationKey":"minecraft.item.wooden_hoe_0","block":false},{"id":"minecraft:stone_hoe","metadata":0,"translationKey":"minecraft.item.stone_hoe_0","block":false},{"id":"minecraft:iron_hoe","metadata":0,"translationKey":"minecraft.item.iron_hoe_0","block":false},{"id":"minecraft:diamond_hoe","metadata":0,"translationKey":"minecraft.item.diamond_hoe_0","block":false},{"id":"minecraft:golden_hoe","metadata":0,"translationKey":"minecraft.item.golden_hoe_0","block":false},{"id":"minecraft:wheat_seeds","metadata":0,"translationKey":"minecraft.item.wheat_seeds_0","block":false},{"id":"minecraft:wheat","metadata":0,"translationKey":"minecraft.item.wheat_0","block":false},{"id":"minecraft:bread","metadata":0,"translationKey":"minecraft.item.bread_0","block":false},{"id":"minecraft:leather_helmet","metadata":0,"translationKey":"minecraft.item.leather_helmet_0","block":false},{"id":"minecraft:leather_chestplate","metadata":0,"translationKey":"minecraft.item.leather_chestplate_0","block":false},{"id":"minecraft:leather_leggings","metadata":0,"translationKey":"minecraft.item.leather_leggings_0","block":false},{"id":"minecraft:leather_boots","metadata":0,"translationKey":"minecraft.item.leather_boots_0","block":false},{"id":"minecraft:chainmail_helmet","metadata":0,"translationKey":"minecraft.item.chainmail_helmet_0","block":false},{"id":"minecraft:chainmail_chestplate","metadata":0,"translationKey":"minecraft.item.chainmail_chestplate_0","block":false},{"id":"minecraft:chainmail_leggings","metadata":0,"translationKey":"minecraft.item.chainmail_leggings_0","block":false},{"id":"minecraft:chainmail_boots","metadata":0,"translationKey":"minecraft.item.chainmail_boots_0","block":false},{"id":"minecraft:iron_helmet","metadata":0,"translationKey":"minecraft.item.iron_helmet_0","block":false},{"id":"minecraft:iron_chestplate","metadata":0,"translationKey":"minecraft.item.iron_chestplate_0","block":false},{"id":"minecraft:iron_leggings","metadata":0,"translationKey":"minecraft.item.iron_leggings_0","block":false},{"id":"minecraft:iron_boots","metadata":0,"translationKey":"minecraft.item.iron_boots_0","block":false},{"id":"minecraft:diamond_helmet","metadata":0,"translationKey":"minecraft.item.diamond_helmet_0","block":false},{"id":"minecraft:diamond_chestplate","metadata":0,"translationKey":"minecraft.item.diamond_chestplate_0","block":false},{"id":"minecraft:diamond_leggings","metadata":0,"translationKey":"minecraft.item.diamond_leggings_0","block":false},{"id":"minecraft:diamond_boots","metadata":0,"translationKey":"minecraft.item.diamond_boots_0","block":false},{"id":"minecraft:golden_helmet","metadata":0,"translationKey":"minecraft.item.golden_helmet_0","block":false},{"id":"minecraft:golden_chestplate","metadata":0,"translationKey":"minecraft.item.golden_chestplate_0","block":false},{"id":"minecraft:golden_leggings","metadata":0,"translationKey":"minecraft.item.golden_leggings_0","block":false},{"id":"minecraft:golden_boots","metadata":0,"translationKey":"minecraft.item.golden_boots_0","block":false},{"id":"minecraft:flint","metadata":0,"translationKey":"minecraft.item.flint_0","block":false},{"id":"minecraft:porkchop","metadata":0,"translationKey":"minecraft.item.porkchop_0","block":false},{"id":"minecraft:cooked_porkchop","metadata":0,"translationKey":"minecraft.item.cooked_porkchop_0","block":false},{"id":"minecraft:painting","metadata":0,"translationKey":"minecraft.item.painting_0","block":false},{"id":"minecraft:golden_apple","metadata":0,"translationKey":"minecraft.item.golden_apple_0","block":false},{"id":"minecraft:golden_apple","metadata":1,"translationKey":"minecraft.item.golden_apple_1","block":false},{"id":"minecraft:sign","metadata":0,"translationKey":"minecraft.item.sign_0","block":false},{"id":"minecraft:wooden_door","metadata":0,"translationKey":"minecraft.item.wooden_door_0","block":false},{"id":"minecraft:bucket","metadata":0,"translationKey":"minecraft.item.bucket_0","block":false},{"id":"minecraft:water_bucket","metadata":0,"translationKey":"minecraft.item.water_bucket_0","block":false},{"id":"minecraft:lava_bucket","metadata":0,"translationKey":"minecraft.item.lava_bucket_0","block":false},{"id":"minecraft:minecart","metadata":0,"translationKey":"minecraft.item.minecart_0","block":false},{"id":"minecraft:saddle","metadata":0,"translationKey":"minecraft.item.saddle_0","block":false},{"id":"minecraft:iron_door","metadata":0,"translationKey":"minecraft.item.iron_door_0","block":false},{"id":"minecraft:redstone","metadata":0,"translationKey":"minecraft.item.redstone_0","block":false},{"id":"minecraft:snowball","metadata":0,"translationKey":"minecraft.item.snowball_0","block":false},{"id":"minecraft:boat","metadata":0,"translationKey":"minecraft.item.boat_0","block":false},{"id":"minecraft:leather","metadata":0,"translationKey":"minecraft.item.leather_0","block":false},{"id":"minecraft:milk_bucket","metadata":0,"translationKey":"minecraft.item.milk_bucket_0","block":false},{"id":"minecraft:brick","metadata":0,"translationKey":"minecraft.item.brick_0","block":false},{"id":"minecraft:clay_ball","metadata":0,"translationKey":"minecraft.item.clay_ball_0","block":false},{"id":"minecraft:reeds","metadata":0,"translationKey":"minecraft.item.reeds_0","block":false},{"id":"minecraft:paper","metadata":0,"translationKey":"minecraft.item.paper_0","block":false},{"id":"minecraft:book","metadata":0,"translationKey":"minecraft.item.book_0","block":false},{"id":"minecraft:slime_ball","metadata":0,"translationKey":"minecraft.item.slime_ball_0","block":false},{"id":"minecraft:chest_minecart","metadata":0,"translationKey":"minecraft.item.chest_minecart_0","block":false},{"id":"minecraft:furnace_minecart","metadata":0,"translationKey":"minecraft.item.furnace_minecart_0","block":false},{"id":"minecraft:egg","metadata":0,"translationKey":"minecraft.item.egg_0","block":false},{"id":"minecraft:compass","metadata":0,"translationKey":"minecraft.item.compass_0","block":false},{"id":"minecraft:fishing_rod","metadata":0,"translationKey":"minecraft.item.fishing_rod_0","block":false},{"id":"minecraft:clock","metadata":0,"translationKey":"minecraft.item.clock_0","block":false},{"id":"minecraft:glowstone_dust","metadata":0,"translationKey":"minecraft.item.glowstone_dust_0","block":false},{"id":"minecraft:fish","metadata":0,"translationKey":"minecraft.item.fish_0","block":false},{"id":"minecraft:fish","metadata":1,"translationKey":"minecraft.item.fish_1","block":false},{"id":"minecraft:fish","metadata":2,"translationKey":"minecraft.item.fish_2","block":false},{"id":"minecraft:fish","metadata":3,"translationKey":"minecraft.item.fish_3","block":false},{"id":"minecraft:cooked_fish","metadata":0,"translationKey":"minecraft.item.cooked_fish_0","block":false},{"id":"minecraft:cooked_fish","metadata":1,"translationKey":"minecraft.item.cooked_fish_1","block":false},{"id":"minecraft:dye","metadata":0,"translationKey":"minecraft.item.dye_0","block":false},{"id":"minecraft:dye","metadata":1,"translationKey":"minecraft.item.dye_1","block":false},{"id":"minecraft:dye","metadata":2,"translationKey":"minecraft.item.dye_2","block":false},{"id":"minecraft:dye","metadata":3,"translationKey":"minecraft.item.dye_3","block":false},{"id":"minecraft:dye","metadata":4,"translationKey":"minecraft.item.dye_4","block":false},{"id":"minecraft:dye","metadata":5,"translationKey":"minecraft.item.dye_5","block":false},{"id":"minecraft:dye","metadata":6,"translationKey":"minecraft.item.dye_6","block":false},{"id":"minecraft:dye","metadata":7,"translationKey":"minecraft.item.dye_7","block":false},{"id":"minecraft:dye","metadata":8,"translationKey":"minecraft.item.dye_8","block":false},{"id":"minecraft:dye","metadata":9,"translationKey":"minecraft.item.dye_9","block":false},{"id":"minecraft:dye","metadata":10,"translationKey":"minecraft.item.dye_10","block":false},{"id":"minecraft:dye","metadata":11,"translationKey":"minecraft.item.dye_11","block":false},{"id":"minecraft:dye","metadata":12,"translationKey":"minecraft.item.dye_12","block":false},{"id":"minecraft:dye","metadata":13,"translationKey":"minecraft.item.dye_13","block":false},{"id":"minecraft:dye","metadata":14,"translationKey":"minecraft.item.dye_14","block":false},{"id":"minecraft:dye","metadata":15,"translationKey":"minecraft.item.dye_15","block":false},{"id":"minecraft:bone","metadata":0,"translationKey":"minecraft.item.bone_0","block":false},{"id":"minecraft:sugar","metadata":0,"translationKey":"minecraft.item.sugar_0","block":false},{"id":"minecraft:cake","metadata":0,"translationKey":"minecraft.item.cake_0","block":false},{"id":"minecraft:bed","metadata":0,"translationKey":"minecraft.item.bed_0","block":false},{"id":"minecraft:bed","metadata":1,"translationKey":"minecraft.item.bed_1","block":false},{"id":"minecraft:bed","metadata":2,"translationKey":"minecraft.item.bed_2","block":false},{"id":"minecraft:bed","metadata":3,"translationKey":"minecraft.item.bed_3","block":false},{"id":"minecraft:bed","metadata":4,"translationKey":"minecraft.item.bed_4","block":false},{"id":"minecraft:bed","metadata":5,"translationKey":"minecraft.item.bed_5","block":false},{"id":"minecraft:bed","metadata":6,"translationKey":"minecraft.item.bed_6","block":false},{"id":"minecraft:bed","metadata":7,"translationKey":"minecraft.item.bed_7","block":false},{"id":"minecraft:bed","metadata":8,"translationKey":"minecraft.item.bed_8","block":false},{"id":"minecraft:bed","metadata":9,"translationKey":"minecraft.item.bed_9","block":false},{"id":"minecraft:bed","metadata":10,"translationKey":"minecraft.item.bed_10","block":false},{"id":"minecraft:bed","metadata":11,"translationKey":"minecraft.item.bed_11","block":false},{"id":"minecraft:bed","metadata":12,"translationKey":"minecraft.item.bed_12","block":false},{"id":"minecraft:bed","metadata":13,"translationKey":"minecraft.item.bed_13","block":false},{"id":"minecraft:bed","metadata":14,"translationKey":"minecraft.item.bed_14","block":false},{"id":"minecraft:bed","metadata":15,"translationKey":"minecraft.item.bed_15","block":false},{"id":"minecraft:repeater","metadata":0,"translationKey":"minecraft.item.repeater_0","block":false},{"id":"minecraft:cookie","metadata":0,"translationKey":"minecraft.item.cookie_0","block":false},{"id":"minecraft:filled_map","metadata":0,"translationKey":"minecraft.item.filled_map_0","block":false},{"id":"minecraft:shears","metadata":0,"translationKey":"minecraft.item.shears_0","block":false},{"id":"minecraft:melon","metadata":0,"translationKey":"minecraft.item.melon_0","block":false},{"id":"minecraft:pumpkin_seeds","metadata":0,"translationKey":"minecraft.item.pumpkin_seeds_0","block":false},{"id":"minecraft:melon_seeds","metadata":0,"translationKey":"minecraft.item.melon_seeds_0","block":false},{"id":"minecraft:beef","metadata":0,"translationKey":"minecraft.item.beef_0","block":false},{"id":"minecraft:cooked_beef","metadata":0,"translationKey":"minecraft.item.cooked_beef_0","block":false},{"id":"minecraft:chicken","metadata":0,"translationKey":"minecraft.item.chicken_0","block":false},{"id":"minecraft:cooked_chicken","metadata":0,"translationKey":"minecraft.item.cooked_chicken_0","block":false},{"id":"minecraft:rotten_flesh","metadata":0,"translationKey":"minecraft.item.rotten_flesh_0","block":false},{"id":"minecraft:ender_pearl","metadata":0,"translationKey":"minecraft.item.ender_pearl_0","block":false},{"id":"minecraft:blaze_rod","metadata":0,"translationKey":"minecraft.item.blaze_rod_0","block":false},{"id":"minecraft:ghast_tear","metadata":0,"translationKey":"minecraft.item.ghast_tear_0","block":false},{"id":"minecraft:gold_nugget","metadata":0,"translationKey":"minecraft.item.gold_nugget_0","block":false},{"id":"minecraft:nether_wart","metadata":0,"translationKey":"minecraft.item.nether_wart_0","block":false},{"id":"minecraft:potion","metadata":0,"translationKey":"minecraft.item.potion_0","block":false},{"id":"minecraft:glass_bottle","metadata":0,"translationKey":"minecraft.item.glass_bottle_0","block":false},{"id":"minecraft:spider_eye","metadata":0,"translationKey":"minecraft.item.spider_eye_0","block":false},{"id":"minecraft:fermented_spider_eye","metadata":0,"translationKey":"minecraft.item.fermented_spider_eye_0","block":false},{"id":"minecraft:blaze_powder","metadata":0,"translationKey":"minecraft.item.blaze_powder_0","block":false},{"id":"minecraft:magma_cream","metadata":0,"translationKey":"minecraft.item.magma_cream_0","block":false},{"id":"minecraft:brewing_stand","metadata":0,"translationKey":"minecraft.item.brewing_stand_0","block":false},{"id":"minecraft:cauldron","metadata":0,"translationKey":"minecraft.item.cauldron_0","block":false},{"id":"minecraft:ender_eye","metadata":0,"translationKey":"minecraft.item.ender_eye_0","block":false},{"id":"minecraft:speckled_melon","metadata":0,"translationKey":"minecraft.item.speckled_melon_0","block":false},{"id":"minecraft:spawn_egg","metadata":0,"translationKey":"minecraft.item.spawn_egg_0","block":false},{"id":"minecraft:experience_bottle","metadata":0,"translationKey":"minecraft.item.experience_bottle_0","block":false},{"id":"minecraft:fire_charge","metadata":0,"translationKey":"minecraft.item.fire_charge_0","block":false},{"id":"minecraft:writable_book","metadata":0,"translationKey":"minecraft.item.writable_book_0","block":false},{"id":"minecraft:written_book","metadata":0,"translationKey":"minecraft.item.written_book_0","block":false},{"id":"minecraft:emerald","metadata":0,"translationKey":"minecraft.item.emerald_0","block":false},{"id":"minecraft:item_frame","metadata":0,"translationKey":"minecraft.item.item_frame_0","block":false},{"id":"minecraft:flower_pot","metadata":0,"translationKey":"minecraft.item.flower_pot_0","block":false},{"id":"minecraft:carrot","metadata":0,"translationKey":"minecraft.item.carrot_0","block":false},{"id":"minecraft:potato","metadata":0,"translationKey":"minecraft.item.potato_0","block":false},{"id":"minecraft:baked_potato","metadata":0,"translationKey":"minecraft.item.baked_potato_0","block":false},{"id":"minecraft:poisonous_potato","metadata":0,"translationKey":"minecraft.item.poisonous_potato_0","block":false},{"id":"minecraft:map","metadata":0,"translationKey":"minecraft.item.map_0","block":false},{"id":"minecraft:golden_carrot","metadata":0,"translationKey":"minecraft.item.golden_carrot_0","block":false},{"id":"minecraft:skull","metadata":0,"translationKey":"minecraft.item.skull_0","block":false},{"id":"minecraft:skull","metadata":1,"translationKey":"minecraft.item.skull_1","block":false},{"id":"minecraft:skull","metadata":2,"translationKey":"minecraft.item.skull_2","block":false},{"id":"minecraft:skull","metadata":3,"translationKey":"minecraft.item.skull_3","block":false},{"id":"minecraft:skull","metadata":4,"translationKey":"minecraft.item.skull_4","block":false},{"id":"minecraft:skull","metadata":5,"translationKey":"minecraft.item.skull_5","block":false},{"id":"minecraft:carrot_on_a_stick","metadata":0,"translationKey":"minecraft.item.carrot_on_a_stick_0","block":false},{"id":"minecraft:nether_star","metadata":0,"translationKey":"minecraft.item.nether_star_0","block":false},{"id":"minecraft:pumpkin_pie","metadata":0,"translationKey":"minecraft.item.pumpkin_pie_0","block":false},{"id":"minecraft:fireworks","metadata":0,"translationKey":"minecraft.item.fireworks_0","block":false},{"id":"minecraft:firework_charge","metadata":0,"translationKey":"minecraft.item.firework_charge_0","block":false},{"id":"minecraft:enchanted_book","metadata":0,"translationKey":"minecraft.item.enchanted_book_0","block":false},{"id":"minecraft:comparator","metadata":0,"translationKey":"minecraft.item.comparator_0","block":false},{"id":"minecraft:netherbrick","metadata":0,"translationKey":"minecraft.item.netherbrick_0","block":false},{"id":"minecraft:quartz","metadata":0,"translationKey":"minecraft.item.quartz_0","block":false},{"id":"minecraft:tnt_minecart","metadata":0,"translationKey":"minecraft.item.tnt_minecart_0","block":false},{"id":"minecraft:hopper_minecart","metadata":0,"translationKey":"minecraft.item.hopper_minecart_0","block":false},{"id":"minecraft:prismarine_shard","metadata":0,"translationKey":"minecraft.item.prismarine_shard_0","block":false},{"id":"minecraft:prismarine_crystals","metadata":0,"translationKey":"minecraft.item.prismarine_crystals_0","block":false},{"id":"minecraft:rabbit","metadata":0,"translationKey":"minecraft.item.rabbit_0","block":false},{"id":"minecraft:cooked_rabbit","metadata":0,"translationKey":"minecraft.item.cooked_rabbit_0","block":false},{"id":"minecraft:rabbit_stew","metadata":0,"translationKey":"minecraft.item.rabbit_stew_0","block":false},{"id":"minecraft:rabbit_foot","metadata":0,"translationKey":"minecraft.item.rabbit_foot_0","block":false},{"id":"minecraft:rabbit_hide","metadata":0,"translationKey":"minecraft.item.rabbit_hide_0","block":false},{"id":"minecraft:armor_stand","metadata":0,"translationKey":"minecraft.item.armor_stand_0","block":false},{"id":"minecraft:iron_horse_armor","metadata":0,"translationKey":"minecraft.item.iron_horse_armor_0","block":false},{"id":"minecraft:golden_horse_armor","metadata":0,"translationKey":"minecraft.item.golden_horse_armor_0","block":false},{"id":"minecraft:diamond_horse_armor","metadata":0,"translationKey":"minecraft.item.diamond_horse_armor_0","block":false},{"id":"minecraft:lead","metadata":0,"translationKey":"minecraft.item.lead_0","block":false},{"id":"minecraft:name_tag","metadata":0,"translationKey":"minecraft.item.name_tag_0","block":false},{"id":"minecraft:command_block_minecart","metadata":0,"translationKey":"minecraft.item.command_block_minecart_0","block":false},{"id":"minecraft:mutton","metadata":0,"translationKey":"minecraft.item.mutton_0","block":false},{"id":"minecraft:cooked_mutton","metadata":0,"translationKey":"minecraft.item.cooked_mutton_0","block":false},{"id":"minecraft:banner","metadata":15,"translationKey":"minecraft.item.banner_15","block":true},{"id":"minecraft:banner","metadata":14,"translationKey":"minecraft.item.banner_14","block":true},{"id":"minecraft:banner","metadata":13,"translationKey":"minecraft.item.banner_13","block":true},{"id":"minecraft:banner","metadata":12,"translationKey":"minecraft.item.banner_12","block":true},{"id":"minecraft:banner","metadata":11,"translationKey":"minecraft.item.banner_11","block":true},{"id":"minecraft:banner","metadata":10,"translationKey":"minecraft.item.banner_10","block":true},{"id":"minecraft:banner","metadata":9,"translationKey":"minecraft.item.banner_9","block":true},{"id":"minecraft:banner","metadata":8,"translationKey":"minecraft.item.banner_8","block":true},{"id":"minecraft:banner","metadata":7,"translationKey":"minecraft.item.banner_7","block":true},{"id":"minecraft:banner","metadata":6,"translationKey":"minecraft.item.banner_6","block":true},{"id":"minecraft:banner","metadata":5,"translationKey":"minecraft.item.banner_5","block":true},{"id":"minecraft:banner","metadata":4,"translationKey":"minecraft.item.banner_4","block":true},{"id":"minecraft:banner","metadata":3,"translationKey":"minecraft.item.banner_3","block":true},{"id":"minecraft:banner","metadata":2,"translationKey":"minecraft.item.banner_2","block":true},{"id":"minecraft:banner","metadata":1,"translationKey":"minecraft.item.banner_1","block":true},{"id":"minecraft:banner","metadata":0,"translationKey":"minecraft.item.banner_0","block":true},{"id":"minecraft:end_crystal","metadata":0,"translationKey":"minecraft.item.end_crystal_0","block":false},{"id":"minecraft:spruce_door","metadata":0,"translationKey":"minecraft.item.spruce_door_0","block":false},{"id":"minecraft:birch_door","metadata":0,"translationKey":"minecraft.item.birch_door_0","block":false},{"id":"minecraft:jungle_door","metadata":0,"translationKey":"minecraft.item.jungle_door_0","block":false},{"id":"minecraft:acacia_door","metadata":0,"translationKey":"minecraft.item.acacia_door_0","block":false},{"id":"minecraft:dark_oak_door","metadata":0,"translationKey":"minecraft.item.dark_oak_door_0","block":false},{"id":"minecraft:chorus_fruit","metadata":0,"translationKey":"minecraft.item.chorus_fruit_0","block":false},{"id":"minecraft:chorus_fruit_popped","metadata":0,"translationKey":"minecraft.item.chorus_fruit_popped_0","block":false},{"id":"minecraft:beetroot","metadata":0,"translationKey":"minecraft.item.beetroot_0","block":false},{"id":"minecraft:beetroot_seeds","metadata":0,"translationKey":"minecraft.item.beetroot_seeds_0","block":false},{"id":"minecraft:beetroot_soup","metadata":0,"translationKey":"minecraft.item.beetroot_soup_0","block":false},{"id":"minecraft:dragon_breath","metadata":0,"translationKey":"minecraft.item.dragon_breath_0","block":false},{"id":"minecraft:splash_potion","metadata":0,"translationKey":"minecraft.item.splash_potion_0","block":false},{"id":"minecraft:spectral_arrow","metadata":0,"translationKey":"minecraft.item.spectral_arrow_0","block":false},{"id":"minecraft:tipped_arrow","metadata":0,"translationKey":"minecraft.item.tipped_arrow_0","block":false},{"id":"minecraft:lingering_potion","metadata":0,"translationKey":"minecraft.item.lingering_potion_0","block":false},{"id":"minecraft:shield","metadata":0,"translationKey":"minecraft.item.shield_0","block":false},{"id":"minecraft:elytra","metadata":0,"translationKey":"minecraft.item.elytra_0","block":false},{"id":"minecraft:spruce_boat","metadata":0,"translationKey":"minecraft.item.spruce_boat_0","block":false},{"id":"minecraft:birch_boat","metadata":0,"translationKey":"minecraft.item.birch_boat_0","block":false},{"id":"minecraft:jungle_boat","metadata":0,"translationKey":"minecraft.item.jungle_boat_0","block":false},{"id":"minecraft:acacia_boat","metadata":0,"translationKey":"minecraft.item.acacia_boat_0","block":false},{"id":"minecraft:dark_oak_boat","metadata":0,"translationKey":"minecraft.item.dark_oak_boat_0","block":false},{"id":"minecraft:totem_of_undying","metadata":0,"translationKey":"minecraft.item.totem_of_undying_0","block":false},{"id":"minecraft:shulker_shell","metadata":0,"translationKey":"minecraft.item.shulker_shell_0","block":false},{"id":"minecraft:iron_nugget","metadata":0,"translationKey":"minecraft.item.iron_nugget_0","block":false},{"id":"minecraft:knowledge_book","metadata":0,"translationKey":"minecraft.item.knowledge_book_0","block":false},{"id":"minecraft:record_13","metadata":0,"translationKey":"minecraft.item.record_13_0","block":false},{"id":"minecraft:record_cat","metadata":0,"translationKey":"minecraft.item.record_cat_0","block":false},{"id":"minecraft:record_blocks","metadata":0,"translationKey":"minecraft.item.record_blocks_0","block":false},{"id":"minecraft:record_chirp","metadata":0,"translationKey":"minecraft.item.record_chirp_0","block":false},{"id":"minecraft:record_far","metadata":0,"translationKey":"minecraft.item.record_far_0","block":false},{"id":"minecraft:record_mall","metadata":0,"translationKey":"minecraft.item.record_mall_0","block":false},{"id":"minecraft:record_mellohi","metadata":0,"translationKey":"minecraft.item.record_mellohi_0","block":false},{"id":"minecraft:record_stal","metadata":0,"translationKey":"minecraft.item.record_stal_0","block":false},{"id":"minecraft:record_strad","metadata":0,"translationKey":"minecraft.item.record_strad_0","block":false},{"id":"minecraft:record_ward","metadata":0,"translationKey":"minecraft.item.record_ward_0","block":false},{"id":"minecraft:record_11","metadata":0,"translationKey":"minecraft.item.record_11_0","block":false},{"id":"minecraft:record_wait","metadata":0,"translationKey":"minecraft.item.record_wait_0","block":false}]