[{"id":"minecraft:air","metadata":0,"translationKey":"item.minecraft.air.0","block":false},{"id":"minecraft:stone","metadata":0,"translationKey":"item.minecraft.stone.0","block":true},{"id":"minecraft:stone","metadata":1,"translationKey":"item.minecraft.stone.1","block":true},{"id":"minecraft:stone","metadata":2,"translationKey":"item.minecraft.stone.2","block":true},{"id":"minecraft:stone","metadata":3,"translationKey":"item.minecraft.stone.3","block":true},{"id":"minecraft:stone","metadata":4,"translationKey":"item.minecraft.stone.4","block":true},{"id":"minecraft:stone","metadata":5,"translationKey":"item.minecraft.stone.5","block":true},{"id":"minecraft:stone","metadata":6,"translationKey":"item.minecraft.stone.6","block":true},{"id":"minecraft:grass","metadata":0,"translationKey":"item.minecraft.grass.0","block":true},{"id":"minecraft:dirt","metadata":0,"translationKey":"item.minecraft.dirt.0","block":true},{"id":"minecraft:dirt","metadata":1,"translationKey":"item.minecraft.dirt.1","block":true},{"id":"minecraft:dirt","metadata":2,"translationKey":"item.minecraft.dirt.2","block":true},{"id":"minecraft:cobblestone","metadata":0,"translationKey":"item.minecraft.cobblestone.0","block":true},{"id":"minecraft:planks","metadata":0,"translationKey":"item.minecraft.planks.0","block":true},{"id":"minecraft:planks","metadata":1,"translationKey":"item.minecraft.planks.1","block":true},{"id":"minecraft:planks","metadata":2,"translationKey":"item.minecraft.planks.2","block":true},{"id":"minecraft:planks","metadata":3,"translationKey":"item.minecraft.planks.3","block":true},{"id":"minecraft:planks","metadata":4,"translationKey":"item.minecraft.planks.4","block":true},{"id":"minecraft:planks","metadata":5,"translationKey":"item.minecraft.planks.5","block":true},{"id":"minecraft:sapling","metadata":0,"translationKey":"item.minecraft.sapling.0","block":true},{"id":"minecraft:sapling","metadata":1,"translationKey":"item.minecraft.sapling.1","block":true},{"id":"minecraft:sapling","metadata":2,"translationKey":"item.minecraft.sapling.2","block":true},{"id":"minecraft:sapling","metadata":3,"translationKey":"item.minecraft.sapling.3","block":true},{"id":"minecraft:sapling","metadata":4,"translationKey":"item.minecraft.sapling.4","block":true},{"id":"minecraft:sapling","metadata":5,"translationKey":"item.minecraft.sapling.5","block":true},{"id":"minecraft:bedrock","metadata":0,"translationKey":"item.minecraft.bedrock.0","block":true},{"id":"minecraft:sand","metadata":0,"translationKey":"item.minecraft.sand.0","block":true},{"id":"minecraft:sand","metadata":1,"translationKey":"item.minecraft.sand.1","block":true},{"id":"minecraft:gravel","metadata":0,"translationKey":"item.minecraft.gravel.0","block":true},{"id":"minecraft:gold_ore","metadata":0,"translationKey":"item.minecraft.gold_ore.0","block":true},{"id":"minecraft:iron_ore","metadata":0,"translationKey":"item.minecraft.iron_ore.0","block":true},{"id":"minecraft:coal_ore","metadata":0,"translationKey":"item.minecraft.coal_ore.0","block":true},{"id":"minecraft:log","metadata":0,"translationKey":"item.minecraft.log.0","block":true},{"id":"minecraft:log","metadata":1,"translationKey":"item.minecraft.log.1","block":true},{"id":"minecraft:log","metadata":2,"translationKey":"item.minecraft.log.2","block":true},{"id":"minecraft:log","metadata":3,"translationKey":"item.minecraft.log.3","block":true},{"id":"minecraft:leaves","metadata":0,"translationKey":"item.minecraft.leaves.0","block":true},{"id":"minecraft:leaves","metadata":1,"translationKey":"item.minecraft.leaves.1","block":true},{"id":"minecraft:leaves","metadata":2,"translationKey":"item.minecraft.leaves.2","block":true},{"id":"minecraft:leaves","metadata":3,"translationKey":"item.minecraft.leaves.3","block":true},{"id":"minecraft:sponge","metadata":0,"translationKey":"item.minecraft.sponge.0","block":true},{"id":"minecraft:sponge","metadata":1,"translationKey":"item.minecraft.sponge.1","block":true},{"id":"minecraft:glass","metadata":0,"translationKey":"item.minecraft.glass.0","block":true},{"id":"minecraft:lapis_ore","metadata":0,"translationKey":"item.minecraft.lapis_ore.0","block":true},{"id":"minecraft:lapis_block","metadata":0,"translationKey":"item.minecraft.lapis_block.0","block":true},{"id":"minecraft:dispenser","metadata":0,"translationKey":"item.minecraft.dispenser.0","block":true},{"id":"minecraft:sandstone","metadata":0,"translationKey":"item.minecraft.sandstone.0","block":true},{"id":"minecraft:sandstone","metadata":1,"translationKey":"item.minecraft.sandstone.1","block":true},{"id":"minecraft:sandstone","metadata":2,"translationKey":"item.minecraft.sandstone.2","block":true},{"id":"minecraft:noteblock","metadata":0,"translationKey":"item.minecraft.noteblock.0","block":true},{"id":"minecraft:golden_rail","metadata":0,"translationKey":"item.minecraft.golden_rail.0","block":true},{"id":"minecraft:detector_rail","metadata":0,"translationKey":"item.minecraft.detector_rail.0","block":true},{"id":"minecraft:sticky_piston","metadata":0,"translationKey":"item.minecraft.sticky_piston.0","block":true},{"id":"minecraft:web","metadata":0,"translationKey":"item.minecraft.web.0","block":true},{"id":"minecraft:tallgrass","metadata":1,"translationKey":"item.minecraft.tallgrass.1","block":true},{"id":"minecraft:tallgrass","metadata":2,"translationKey":"item.minecraft.tallgrass.2","block":true},{"id":"minecraft:deadbush","metadata":0,"translationKey":"item.minecraft.deadbush.0","block":true},{"id":"minecraft:piston","metadata":0,"translationKey":"item.minecraft.piston.0","block":true},{"id":"minecraft:wool","metadata":0,"translationKey":"item.minecraft.wool.0","block":true},{"id":"minecraft:wool","metadata":1,"translationKey":"item.minecraft.wool.1","block":true},{"id":"minecraft:wool","metadata":2,"translationKey":"item.minecraft.wool.2","block":true},{"id":"minecraft:wool","metadata":3,"translationKey":"item.minecraft.wool.3","block":true},{"id":"minecraft:wool","metadata":4,"translationKey":"item.minecraft.wool.4","block":true},{"id":"minecraft:wool","metadata":5,"translationKey":"item.minecraft.wool.5","block":true},{"id":"minecraft:wool","metadata":6,"translationKey":"item.minecraft.wool.6","block":true},{"id":"minecraft:wool","metadata":7,"translationKey":"item.minecraft.wool.7","block":true},{"id":"minecraft:wool","metadata":8,"translationKey":"item.minecraft.wool.8","block":true},{"id":"minecraft:wool","metadata":9,"translationKey":"item.minecraft.wool.9","block":true},{"id":"minecraft:wool","metadata":10,"translationKey":"item.minecraft.wool.10","block":true},{"id":"minecraft:wool","metadata":11,"translationKey":"item.minecraft.wool.11","block":true},{"id":"minecraft:wool","metadata":12,"translationKey":"item.minecraft.wool.12","block":true},{"id":"minecraft:wool","metadata":13,"translationKey":"item.minecraft.wool.13","block":true},{"id":"minecraft:wool","metadata":14,"translationKey":"item.minecraft.wool.14","block":true},{"id":"minecraft:wool","metadata":15,"translationKey":"item.minecraft.wool.15","block":true},{"id":"minecraft:yellow_flower","metadata":0,"translationKey":"item.minecraft.yellow_flower.0","block":true},{"id":"minecraft:red_flower","metadata":0,"translationKey":"item.minecraft.red_flower.0","block":true},{"id":"minecraft:red_flower","metadata":1,"translationKey":"item.minecraft.red_flower.1","block":true},{"id":"minecraft:red_flower","metadata":2,"translationKey":"item.minecraft.red_flower.2","block":true},{"id":"minecraft:red_flower","metadata":3,"translationKey":"item.minecraft.red_flower.3","block":true},{"id":"minecraft:red_flower","metadata":4,"translationKey":"item.minecraft.red_flower.4","block":true},{"id":"minecraft:red_flower","metadata":5,"translationKey":"item.minecraft.red_flower.5","block":true},{"id":"minecraft:red_flower","metadata":6,"translationKey":"item.minecraft.red_flower.6","block":true},{"id":"minecraft:red_flower","metadata":7,"translationKey":"item.minecraft.red_flower.7","block":true},{"id":"minecraft:red_flower","metadata":8,"translationKey":"item.minecraft.red_flower.8","block":true},{"id":"minecraft:brown_mushroom","metadata":0,"translationKey":"item.minecraft.brown_mushroom.0","block":true},{"id":"minecraft:red_mushroom","metadata":0,"translationKey":"item.minecraft.red_mushroom.0","block":true},{"id":"minecraft:gold_block","metadata":0,"translationKey":"item.minecraft.gold_block.0","block":true},{"id":"minecraft:iron_block","metadata":0,"translationKey":"item.minecraft.iron_block.0","block":true},{"id":"minecraft:stone_slab","metadata":0,"translationKey":"item.minecraft.stone_slab.0","block":true},{"id":"minecraft:stone_slab","metadata":1,"translationKey":"item.minecraft.stone_slab.1","block":true},{"id":"minecraft:stone_slab","metadata":3,"translationKey":"item.minecraft.stone_slab.3","block":true},{"id":"minecraft:stone_slab","metadata":4,"translationKey":"item.minecraft.stone_slab.4","block":true},{"id":"minecraft:stone_slab","metadata":5,"translationKey":"item.minecraft.stone_slab.5","block":true},{"id":"minecraft:stone_slab","metadata":6,"translationKey":"item.minecraft.stone_slab.6","block":true},{"id":"minecraft:stone_slab","metadata":7,"translationKey":"item.minecraft.stone_slab.7","block":true},{"id":"minecraft:brick_block","metadata":0,"translationKey":"item.minecraft.brick_block.0","block":true},{"id":"minecraft:tnt","metadata":0,"translationKey":"item.minecraft.tnt.0","block":true},{"id":"minecraft:bookshelf","metadata":0,"translationKey":"item.minecraft.bookshelf.0","block":true},{"id":"minecraft:mossy_cobblestone","metadata":0,"translationKey":"item.minecraft.mossy_cobblestone.0","block":true},{"id":"minecraft:obsidian","metadata":0,"translationKey":"item.minecraft.obsidian.0","block":true},{"id":"minecraft:torch","metadata":0,"translationKey":"item.minecraft.torch.0","block":true},{"id":"minecraft:mob_spawner","metadata":0,"translationKey":"item.minecraft.mob_spawner.0","block":true},{"id":"minecraft:oak_stairs","metadata":0,"translationKey":"item.minecraft.oak_stairs.0","block":true},{"id":"minecraft:chest","metadata":0,"translationKey":"item.minecraft.chest.0","block":true},{"id":"minecraft:diamond_ore","metadata":0,"translationKey":"item.minecraft.diamond_ore.0","block":true},{"id":"minecraft:diamond_block","metadata":0,"translationKey":"item.minecraft.diamond_block.0","block":true},{"id":"minecraft:crafting_table","metadata":0,"translationKey":"item.minecraft.crafting_table.0","block":true},{"id":"minecraft:farmland","metadata":0,"translationKey":"item.minecraft.farmland.0","block":true},{"id":"minecraft:furnace","metadata":0,"translationKey":"item.minecraft.furnace.0","block":true},{"id":"minecraft:ladder","metadata":0,"translationKey":"item.minecraft.ladder.0","block":true},{"id":"minecraft:rail","metadata":0,"translationKey":"item.minecraft.rail.0","block":true},{"id":"minecraft:stone_stairs","metadata":0,"translationKey":"item.minecraft.stone_stairs.0","block":true},{"id":"minecraft:lever","metadata":0,"translationKey":"item.minecraft.lever.0","block":true},{"id":"minecraft:stone_pressure_plate","metadata":0,"translationKey":"item.minecraft.stone_pressure_plate.0","block":true},{"id":"minecraft:wooden_pressure_plate","metadata":0,"translationKey":"item.minecraft.wooden_pressure_plate.0","block":true},{"id":"minecraft:redstone_ore","metadata":0,"translationKey":"item.minecraft.redstone_ore.0","block":true},{"id":"minecraft:redstone_torch","metadata":0,"translationKey":"item.minecraft.redstone_torch.0","block":true},{"id":"minecraft:stone_button","metadata":0,"translationKey":"item.minecraft.stone_button.0","block":true},{"id":"minecraft:snow_layer","metadata":0,"translationKey":"item.minecraft.snow_layer.0","block":true},{"id":"minecraft:ice","metadata":0,"translationKey":"item.minecraft.ice.0","block":true},{"id":"minecraft:snow","metadata":0,"translationKey":"item.minecraft.snow.0","block":true},{"id":"minecraft:cactus","metadata":0,"translationKey":"item.minecraft.cactus.0","block":true},{"id":"minecraft:clay","metadata":0,"translationKey":"item.minecraft.clay.0","block":true},{"id":"minecraft:jukebox","metadata":0,"translationKey":"item.minecraft.jukebox.0","block":true},{"id":"minecraft:fence","metadata":0,"translationKey":"item.minecraft.fence.0","block":true},{"id":"minecraft:pumpkin","metadata":0,"translationKey":"item.minecraft.pumpkin.0","block":true},{"id":"minecraft:netherrack","metadata":0,"translationKey":"item.minecraft.netherrack.0","block":true},{"id":"minecraft:soul_sand","metadata":0,"translationKey":"item.minecraft.soul_sand.0","block":true},{"id":"minecraft:glowstone","metadata":0,"translationKey":"item.minecraft.glowstone.0","block":true},{"id":"minecraft:lit_pumpkin","metadata":0,"translationKey":"item.minecraft.lit_pumpkin.0","block":true},{"id":"minecraft:stained_glass","metadata":0,"translationKey":"item.minecraft.stained_glass.0","block":true},{"id":"minecraft:stained_glass","metadata":1,"translationKey":"item.minecraft.stained_glass.1","block":true},{"id":"minecraft:stained_glass","metadata":2,"translationKey":"item.minecraft.stained_glass.2","block":true},{"id":"minecraft:stained_glass","metadata":3,"translationKey":"item.minecraft.stained_glass.3","block":true},{"id":"minecraft:stained_glass","metadata":4,"translationKey":"item.minecraft.stained_glass.4","block":true},{"id":"minecraft:stained_glass","metadata":5,"translationKey":"item.minecraft.stained_glass.5","block":true},{"id":"minecraft:stained_glass","metadata":6,"translationKey":"item.minecraft.stained_glass.6","block":true},{"id":"minecraft:stained_glass","metadata":7,"translationKey":"item.minecraft.stained_glass.7","block":true},{"id":"minecraft:stained_glass","metadata":8,"translationKey":"item.minecraft.stained_glass.8","block":true},{"id":"minecraft:stained_glass","metadata":9,"translationKey":"item.minecraft.stained_glass.9","block":true},{"id":"minecraft:stained_glass","metadata":10,"translationKey":"item.minecraft.stained_glass.10","block":true},{"id":"minecraft:stained_glass","metadata":11,"translationKey":"item.minecraft.stained_glass.11","block":true},{"id":"minecraft:stained_glass","metadata":12,"translationKey":"item.minecraft.stained_glass.12","block":true},{"id":"minecraft:stained_glass","metadata":13,"translationKey":"item.minecraft.stained_glass.13","block":true},{"id":"minecraft:stained_glass","metadata":14,"translationKey":"item.minecraft.stained_glass.14","block":true},{"id":"minecraft:stained_glass","metadata":15,"translationKey":"item.minecraft.stained_glass.15","block":true},{"id":"minecraft:trapdoor","metadata":0,"translationKey":"item.minecraft.trapdoor.0","block":true},{"id":"minecraft:monster_egg","metadata":0,"translationKey":"item.minecraft.monster_egg.0","block":true},{"id":"minecraft:monster_egg","metadata":1,"translationKey":"item.minecraft.monster_egg.1","block":true},{"id":"minecraft:monster_egg","metadata":2,"translationKey":"item.minecraft.monster_egg.2","block":true},{"id":"minecraft:monster_egg","metadata":3,"translationKey":"item.minecraft.monster_egg.3","block":true},{"id":"minecraft:monster_egg","metadata":4,"translationKey":"item.minecraft.monster_egg.4","block":true},{"id":"minecraft:monster_egg","metadata":5,"translationKey":"item.minecraft.monster_egg.5","block":true},{"id":"minecraft:stonebrick","metadata":0,"translationKey":"item.minecraft.stonebrick.0","block":true},{"id":"minecraft:stonebrick","metadata":1,"translationKey":"item.minecraft.stonebrick.1","block":true},{"id":"minecraft:stonebrick","metadata":2,"translationKey":"item.minecraft.stonebrick.2","block":true},{"id":"minecraft:stonebrick","metadata":3,"translationKey":"item.minecraft.stonebrick.3","block":true},{"id":"minecraft:brown_mushroom_block","metadata":0,"translationKey":"item.minecraft.brown_mushroom_block.0","block":true},{"id":"minecraft:red_mushroom_block","metadata":0,"translationKey":"item.minecraft.red_mushroom_block.0","block":true},{"id":"minecraft:iron_bars","metadata":0,"translationKey":"item.minecraft.iron_bars.0","block":true},{"id":"minecraft:glass_pane","metadata":0,"translationKey":"item.minecraft.glass_pane.0","block":true},{"id":"minecraft:melon_block","metadata":0,"translationKey":"item.minecraft.melon_block.0","block":true},{"id":"minecraft:vine","metadata":0,"translationKey":"item.minecraft.vine.0","block":true},{"id":"minecraft:fence_gate","metadata":0,"translationKey":"item.minecraft.fence_gate.0","block":true},{"id":"minecraft:brick_stairs","metadata":0,"translationKey":"item.minecraft.brick_stairs.0","block":true},{"id":"minecraft:stone_brick_stairs","metadata":0,"translationKey":"item.minecraft.stone_brick_stairs.0","block":true},{"id":"minecraft:mycelium","metadata":0,"translationKey":"item.minecraft.mycelium.0","block":true},{"id":"minecraft:waterlily","metadata":0,"translationKey":"item.minecraft.waterlily.0","block":true},{"id":"minecraft:nether_brick","metadata":0,"translationKey":"item.minecraft.nether_brick.0","block":true},{"id":"minecraft:nether_brick_fence","metadata":0,"translationKey":"item.minecraft.nether_brick_fence.0","block":true},{"id":"minecraft:nether_brick_stairs","metadata":0,"translationKey":"item.minecraft.nether_brick_stairs.0","block":true},{"id":"minecraft:enchanting_table","metadata":0,"translationKey":"item.minecraft.enchanting_table.0","block":true},{"id":"minecraft:end_portal_frame","metadata":0,"translationKey":"item.minecraft.end_portal_frame.0","block":true},{"id":"minecraft:end_stone","metadata":0,"translationKey":"item.minecraft.end_stone.0","block":true},{"id":"minecraft:dragon_egg","metadata":0,"translationKey":"item.minecraft.dragon_egg.0","block":true},{"id":"minecraft:redstone_lamp","metadata":0,"translationKey":"item.minecraft.redstone_lamp.0","block":true},{"id":"minecraft:wooden_slab","metadata":0,"translationKey":"item.minecraft.wooden_slab.0","block":true},{"id":"minecraft:wooden_slab","metadata":1,"translationKey":"item.minecraft.wooden_slab.1","block":true},{"id":"minecraft:wooden_slab","metadata":2,"translationKey":"item.minecraft.wooden_slab.2","block":true},{"id":"minecraft:wooden_slab","metadata":3,"translationKey":"item.minecraft.wooden_slab.3","block":true},{"id":"minecraft:wooden_slab","metadata":4,"translationKey":"item.minecraft.wooden_slab.4","block":true},{"id":"minecraft:wooden_slab","metadata":5,"translationKey":"item.minecraft.wooden_slab.5","block":true},{"id":"minecraft:sandstone_stairs","metadata":0,"translationKey":"item.minecraft.sandstone_stairs.0","block":true},{"id":"minecraft:emerald_ore","metadata":0,"translationKey":"item.minecraft.emerald_ore.0","block":true},{"id":"minecraft:ender_chest","metadata":0,"translationKey":"item.minecraft.ender_chest.0","block":true},{"id":"minecraft:tripwire_hook","metadata":0,"translationKey":"item.minecraft.tripwire_hook.0","block":true},{"id":"minecraft:emerald_block","metadata":0,"translationKey":"item.minecraft.emerald_block.0","block":true},{"id":"minecraft:spruce_stairs","metadata":0,"translationKey":"item.minecraft.spruce_stairs.0","block":true},{"id":"minecraft:birch_stairs","metadata":0,"translationKey":"item.minecraft.birch_stairs.0","block":true},{"id":"minecraft:jungle_stairs","metadata":0,"translationKey":"item.minecraft.jungle_stairs.0","block":true},{"id":"minecraft:command_block","metadata":0,"translationKey":"item.minecraft.command_block.0","block":true},{"id":"minecraft:beacon","metadata":0,"translationKey":"item.minecraft.beacon.0","block":true},{"id":"minecraft:cobblestone_wall","metadata":0,"translationKey":"item.minecraft.cobblestone_wall.0","block":true},{"id":"minecraft:cobblestone_wall","metadata":1,"translationKey":"item.minecraft.cobblestone_wall.1","block":true},{"id":"minecraft:wooden_button","metadata":0,"translationKey":"item.minecraft.wooden_button.0","block":true},{"id":"minecraft:anvil","metadata":0,"translationKey":"item.minecraft.anvil.0","block":true},{"id":"minecraft:anvil","metadata":1,"translationKey":"item.minecraft.anvil.1","block":true},{"id":"minecraft:anvil","metadata":2,"translationKey":"item.minecraft.anvil.2","block":true},{"id":"minecraft:trapped_chest","metadata":0,"translationKey":"item.minecraft.trapped_chest.0","block":true},{"id":"minecraft:light_weighted_pressure_plate","metadata":0,"translationKey":"item.minecraft.light_weighted_pressure_plate.0","block":true},{"id":"minecraft:heavy_weighted_pressure_plate","metadata":0,"translationKey":"item.minecraft.heavy_weighted_pressure_plate.0","block":true},{"id":"minecraft:daylight_detector","metadata":0,"translationKey":"item.minecraft.daylight_detector.0","block":true},{"id":"minecraft:redstone_block","metadata":0,"translationKey":"item.minecraft.redstone_block.0","block":true},{"id":"minecraft:quartz_ore","metadata":0,"translationKey":"item.minecraft.quartz_ore.0","block":true},{"id":"minecraft:hopper","metadata":0,"translationKey":"item.minecraft.hopper.0","block":true},{"id":"minecraft:quartz_block","metadata":0,"translationKey":"item.minecraft.quartz_block.0","block":true},{"id":"minecraft:quartz_block","metadata":1,"translationKey":"item.minecraft.quartz_block.1","block":true},{"id":"minecraft:quartz_block","metadata":2,"translationKey":"item.minecraft.quartz_block.2","block":true},{"id":"minecraft:quartz_stairs","metadata":0,"translationKey":"item.minecraft.quartz_stairs.0","block":true},{"id":"minecraft:activator_rail","metadata":0,"translationKey":"item.minecraft.activator_rail.0","block":true},{"id":"minecraft:dropper","metadata":0,"translationKey":"item.minecraft.dropper.0","block":true},{"id":"minecraft:stained_hardened_clay","metadata":0,"translationKey":"item.minecraft.stained_hardened_clay.0","block":true},{"id":"minecraft:stained_hardened_clay","metadata":1,"translationKey":"item.minecraft.stained_hardened_clay.1","block":true},{"id":"minecraft:stained_hardened_clay","metadata":2,"translationKey":"item.minecraft.stained_hardened_clay.2","block":true},{"id":"minecraft:stained_hardened_clay","metadata":3,"translationKey":"item.minecraft.stained_hardened_clay.3","block":true},{"id":"minecraft:stained_hardened_clay","metadata":4,"translationKey":"item.minecraft.stained_hardened_clay.4","block":true},{"id":"minecraft:stained_hardened_clay","metadata":5,"translationKey":"item.minecraft.stained_hardened_clay.5","block":true},{"id":"minecraft:stained_hardened_clay","metadata":6,"translationKey":"item.minecraft.stained_hardened_clay.6","block":true},{"id":"minecraft:stained_hardened_clay","metadata":7,"translationKey":"item.minecraft.stained_hardened_clay.7","block":true},{"id":"minecraft:stained_hardened_clay","metadata":8,"translationKey":"item.minecraft.stained_hardened_clay.8","block":true},{"id":"minecraft:stained_hardened_clay","metadata":9,"translationKey":"item.minecraft.stained_hardened_clay.9","block":true},{"id":"minecraft:stained_hardened_clay","metadata":10,"translationKey":"item.minecraft.stained_hardened_clay.10","block":true},{"id":"minecraft:stained_hardened_clay","metadata":11,"translationKey":"item.minecraft.stained_hardened_clay.11","block":true},{"id":"minecraft:stained_hardened_clay","metadata":12,"translationKey":"item.minecraft.stained_hardened_clay.12","block":true},{"id":"minecraft:stained_hardened_clay","metadata":13,"translationKey":"item.minecraft.stained_hardened_clay.13","block":true},{"id":"minecraft:stained_hardened_clay","metadata":14,"translationKey":"item.minecraft.stained_hardened_clay.14","block":true},{"id":"minecraft:stained_hardened_clay","metadata":15,"translationKey":"item.minecraft.stained_hardened_clay.15","block":true},{"id":"minecraft:stained_glass_pane","metadata":0,"translationKey":"item.minecraft.stained_glass_pane.0","block":true},{"id":"minecraft:stained_glass_pane","metadata":1,"translationKey":"item.minecraft.stained_glass_pane.1","block":true},{"id":"minecraft:stained_glass_pane","metadata":2,"translationKey":"item.minecraft.stained_glass_pane.2","block":true},{"id":"minecraft:stained_glass_pane","metadata":3,"translationKey":"item.minecraft.stained_glass_pane.3","block":true},{"id":"minecraft:stained_glass_pane","metadata":4,"translationKey":"item.minecraft.stained_glass_pane.4","block":true},{"id":"minecraft:stained_glass_pane","metadata":5,"translationKey":"item.minecraft.stained_glass_pane.5","block":true},{"id":"minecraft:stained_glass_pane","metadata":6,"translationKey":"item.minecraft.stained_glass_pane.6","block":true},{"id":"minecraft:stained_glass_pane","metadata":7,"translationKey":"item.minecraft.stained_glass_pane.7","block":true},{"id":"minecraft:stained_glass_pane","metadata":8,"translationKey":"item.minecraft.stained_glass_pane.8","block":true},{"id":"minecraft:stained_glass_pane","metadata":9,"translationKey":"item.minecraft.stained_glass_pane.9","block":true},{"id":"minecraft:stained_glass_pane","metadata":10,"translationKey":"item.minecraft.stained_glass_pane.10","block":true},{"id":"minecraft:stained_glass_pane","metadata":11,"translationKey":"item.minecraft.stained_glass_pane.11","block":true},{"id":"minecraft:stained_glass_pane","metadata":12,"translationKey":"item.minecraft.stained_glass_pane.12","block":true},{"id":"minecraft:stained_glass_pane","metadata":13,"translationKey":"item.minecraft.stained_glass_pane.13","block":true},{"id":"minecraft:stained_glass_pane","metadata":14,"translationKey":"item.minecraft.stained_glass_pane.14","block":true},{"id":"minecraft:stained_glass_pane","metadata":15,"translationKey":"item.minecraft.stained_glass_pane.15","block":true},{"id":"minecraft:leaves2","metadata":0,"translationKey":"item.minecraft.leaves2.0","block":true},{"id":"minecraft:leaves2","metadata":1,"translationKey":"item.minecraft.leaves2.1","block":true},{"id":"minecraft:log2","metadata":0,"translationKey":"item.minecraft.log2.0","block":true},{"id":"minecraft:log2","metadata":1,"translationKey":"item.minecraft.log2.1","block":true},{"id":"minecraft:acacia_stairs","metadata":0,"translationKey":"item.minecraft.acacia_stairs.0","block":true},{"id":"minecraft:dark_oak_stairs","metadata":0,"translationKey":"item.minecraft.dark_oak_stairs.0","block":true},{"id":"minecraft:slime","metadata":0,"translationKey":"item.minecraft.slime.0","block":true},{"id":"minecraft:barrier","metadata":0,"translationKey":"item.minecraft.barrier.0","block":true},{"id":"minecraft:iron_trapdoor","metadata":0,"translationKey":"item.minecraft.iron_trapdoor.0","block":true},{"id":"minecraft:prismarine","metadata":0,"translationKey":"item.minecraft.prismarine.0","block":true},{"id":"minecraft:prismarine","metadata":1,"translationKey":"item.minecraft.prismarine.1","block":true},{"id":"minecraft:prismarine","metadata":2,"translationKey":"item.minecraft.prismarine.2","block":true},{"id":"minecraft:sea_lantern","metadata":0,"translationKey":"item.minecraft.sea_lantern.0","block":true},{"id":"minecraft:hay_block","metadata":0,"translationKey":"item.minecraft.hay_block.0","block":true},{"id":"minecraft:carpet","metadata":0,"translationKey":"item.minecraft.carpet.0","block":true},{"id":"minecraft:carpet","metadata":1,"translationKey":"item.minecraft.carpet.1","block":true},{"id":"minecraft:carpet","metadata":2,"translationKey":"item.minecraft.carpet.2","block":true},{"id":"minecraft:carpet","metadata":3,"translationKey":"item.minecraft.carpet.3","block":true},{"id":"minecraft:carpet","metadata":4,"translationKey":"item.minecraft.carpet.4","block":true},{"id":"minecraft:carpet","metadata":5,"translationKey":"item.minecraft.carpet.5","block":true},{"id":"minecraft:carpet","metadata":6,"translationKey":"item.minecraft.carpet.6","block":true},{"id":"minecraft:carpet","metadata":7,"translationKey":"item.minecraft.carpet.7","block":true},{"id":"minecraft:carpet","metadata":8,"translationKey":"item.minecraft.carpet.8","block":true},{"id":"minecraft:carpet","metadata":9,"translationKey":"item.minecraft.carpet.9","block":true},{"id":"minecraft:carpet","metadata":10,"translationKey":"item.minecraft.carpet.10","block":true},{"id":"minecraft:carpet","metadata":11,"translationKey":"item.minecraft.carpet.11","block":true},{"id":"minecraft:carpet","metadata":12,"translationKey":"item.minecraft.carpet.12","block":true},{"id":"minecraft:carpet","metadata":13,"translationKey":"item.minecraft.carpet.13","block":true},{"id":"minecraft:carpet","metadata":14,"translationKey":"item.minecraft.carpet.14","block":true},{"id":"minecraft:carpet","metadata":15,"translationKey":"item.minecraft.carpet.15","block":true},{"id":"minecraft:hardened_clay","metadata":0,"translationKey":"item.minecraft.hardened_clay.0","block":true},{"id":"minecraft:coal_block","metadata":0,"translationKey":"item.minecraft.coal_block.0","block":true},{"id":"minecraft:packed_ice","metadata":0,"translationKey":"item.minecraft.packed_ice.0","block":true},{"id":"minecraft:double_plant","metadata":0,"translationKey":"item.minecraft.double_plant.0","block":true},{"id":"minecraft:double_plant","metadata":1,"translationKey":"item.minecraft.double_plant.1","block":true},{"id":"minecraft:double_plant","metadata":2,"translationKey":"item.minecraft.double_plant.2","block":true},{"id":"minecraft:double_plant","metadata":3,"translationKey":"item.minecraft.double_plant.3","block":true},{"id":"minecraft:double_plant","metadata":4,"translationKey":"item.minecraft.double_plant.4","block":true},{"id":"minecraft:double_plant","metadata":5,"translationKey":"item.minecraft.double_plant.5","block":true},{"id":"minecraft:red_sandstone","metadata":0,"translationKey":"item.minecraft.red_sandstone.0","block":true},{"id":"minecraft:red_sandstone","metadata":1,"translationKey":"item.minecraft.red_sandstone.1","block":true},{"id":"minecraft:red_sandstone","metadata":2,"translationKey":"item.minecraft.red_sandstone.2","block":true},{"id":"minecraft:red_sandstone_stairs","metadata":0,"translationKey":"item.minecraft.red_sandstone_stairs.0","block":true},{"id":"minecraft:stone_slab2","metadata":0,"translationKey":"item.minecraft.stone_slab2.0","block":true},{"id":"minecraft:spruce_fence_gate","metadata":0,"translationKey":"item.minecraft.spruce_fence_gate.0","block":true},{"id":"minecraft:birch_fence_gate","metadata":0,"translationKey":"item.minecraft.birch_fence_gate.0","block":true},{"id":"minecraft:jungle_fence_gate","metadata":0,"translationKey":"item.minecraft.jungle_fence_gate.0","block":true},{"id":"minecraft:dark_oak_fence_gate","metadata":0,"translationKey":"item.minecraft.dark_oak_fence_gate.0","block":true},{"id":"minecraft:acacia_fence_gate","metadata":0,"translationKey":"item.minecraft.acacia_fence_gate.0","block":true},{"id":"minecraft:spruce_fence","metadata":0,"translationKey":"item.minecraft.spruce_fence.0","block":true},{"id":"minecraft:birch_fence","metadata":0,"translationKey":"item.minecraft.birch_fence.0","block":true},{"id":"minecraft:jungle_fence","metadata":0,"translationKey":"item.minecraft.jungle_fence.0","block":true},{"id":"minecraft:dark_oak_fence","metadata":0,"translationKey":"item.minecraft.dark_oak_fence.0","block":true},{"id":"minecraft:acacia_fence","metadata":0,"translationKey":"item.minecraft.acacia_fence.0","block":true},{"id":"minecraft:end_rod","metadata":0,"translationKey":"item.minecraft.end_rod.0","block":true},{"id":"minecraft:chorus_plant","metadata":0,"translationKey":"item.minecraft.chorus_plant.0","block":true},{"id":"minecraft:chorus_flower","metadata":0,"translationKey":"item.minecraft.chorus_flower.0","block":true},{"id":"minecraft:purpur_block","metadata":0,"translationKey":"item.minecraft.purpur_block.0","block":true},{"id":"minecraft:purpur_pillar","metadata":0,"translationKey":"item.minecraft.purpur_pillar.0","block":true},{"id":"minecraft:purpur_stairs","metadata":0,"translationKey":"item.minecraft.purpur_stairs.0","block":true},{"id":"minecraft:purpur_slab","metadata":0,"translationKey":"item.minecraft.purpur_slab.0","block":true},{"id":"minecraft:end_bricks","metadata":0,"translationKey":"item.minecraft.end_bricks.0","block":true},{"id":"minecraft:grass_path","metadata":0,"translationKey":"item.minecraft.grass_path.0","block":true},{"id":"minecraft:repeating_command_block","metadata":0,"translationKey":"item.minecraft.repeating_command_block.0","block":true},{"id":"minecraft:chain_command_block","metadata":0,"translationKey":"item.minecraft.chain_command_block.0","block":true},{"id":"minecraft:magma","metadata":0,"translationKey":"item.minecraft.magma.0","block":true},{"id":"minecraft:nether_wart_block","metadata":0,"translationKey":"item.minecraft.nether_wart_block.0","block":true},{"id":"minecraft:red_nether_brick","metadata":0,"translationKey":"item.minecraft.red_nether_brick.0","block":true},{"id":"minecraft:bone_block","metadata":0,"translationKey":"item.minecraft.bone_block.0","block":true},{"id":"minecraft:structure_void","metadata":0,"translationKey":"item.minecraft.structure_void.0","block":true},{"id":"minecraft:observer","metadata":0,"translationKey":"item.minecraft.observer.0","block":true},{"id":"minecraft:white_shulker_box","metadata":0,"translationKey":"item.minecraft.white_shulker_box.0","block":true},{"id":"minecraft:orange_shulker_box","metadata":0,"translationKey":"item.minecraft.orange_shulker_box.0","block":true},{"id":"minecraft:magenta_shulker_box","metadata":0,"translationKey":"item.minecraft.magenta_shulker_box.0","block":true},{"id":"minecraft:light_blue_shulker_box","metadata":0,"translationKey":"item.minecraft.light_blue_shulker_box.0","block":true},{"id":"minecraft:yellow_shulker_box","metadata":0,"translationKey":"item.minecraft.yellow_shulker_box.0","block":true},{"id":"minecraft:lime_shulker_box","metadata":0,"translationKey":"item.minecraft.lime_shulker_box.0","block":true},{"id":"minecraft:pink_shulker_box","metadata":0,"translationKey":"item.minecraft.pink_shulker_box.0","block":true},{"id":"minecraft:gray_shulker_box","metadata":0,"translationKey":"item.minecraft.gray_shulker_box.0","block":true},{"id":"minecraft:silver_shulker_box","metadata":0,"translationKey":"item.minecraft.silver_shulker_box.0","block":true},{"id":"minecraft:cyan_shulker_box","metadata":0,"translationKey":"item.minecraft.cyan_shulker_box.0","block":true},{"id":"minecraft:purple_shulker_box","metadata":0,"translationKey":"item.minecraft.purple_shulker_box.0","block":true},{"id":"minecraft:blue_shulker_box","metadata":0,"translationKey":"item.minecraft.blue_shulker_box.0","block":true},{"id":"minecraft:brown_shulker_box","metadata":0,"translationKey":"item.minecraft.brown_shulker_box.0","block":true},{"id":"minecraft:green_shulker_box","metadata":0,"translationKey":"item.minecraft.green_shulker_box.0","block":true},{"id":"minecraft:red_shulker_box","metadata":0,"translationKey":"item.minecraft.red_shulker_box.0","block":true},{"id":"minecraft:black_shulker_box","metadata":0,"translationKey":"item.minecraft.black_shulker_box.0","block":true},{"id":"minecraft:white_glazed_terracotta","metadata":0,"translationKey":"item.minecraft.white_glazed_terracotta.0","block":true},{"id":"minecraft:orange_glazed_terracotta","metadata":0,"translationKey":"item.minecraft.orange_glazed_terracotta.0","block":true},{"id":"minecraft:magenta_glazed_terracotta","metadata":0,"translationKey":"item.minecraft.magenta_glazed_terracotta.0","block":true},{"id":"minecraft:light_blue_glazed_terracotta","metadata":0,"translationKey":"item.minecraft.light_blue_glazed_terracotta.0","block":true},{"id":"minecraft:yellow_glazed_terracotta","metadata":0,"translationKey":"item.minecraft.yellow_glazed_terracotta.0","block":true},{"id":"minecraft:lime_glazed_terracotta","metadata":0,"translationKey":"item.minecraft.lime_glazed_terracotta.0","block":true},{"id":"minecraft:pink_glazed_terracotta","metadata":0,"translationKey":"item.minecraft.pink_glazed_terracotta.0","block":true},{"id":"minecraft:gray_glazed_terracotta","metadata":0,"translationKey":"item.minecraft.gray_glazed_terracotta.0","block":true},{"id":"minecraft:silver_glazed_terracotta","metadata":0,"translationKey":"item.minecraft.silver_glazed_terracotta.0","block":true},{"id":"minecraft:cyan_glazed_terracotta","metadata":0,"translationKey":"item.minecraft.cyan_glazed_terracotta.0","block":true},{"id":"minecraft:purple_glazed_terracotta","metadata":0,"translationKey":"item.minecraft.purple_glazed_terracotta.0","block":true},{"id":"minecraft:blue_glazed_terracotta","metadata":0,"translationKey":"item.minecraft.blue_glazed_terracotta.0","block":true},{"id":"minecraft:brown_glazed_terracotta","metadata":0,"translationKey":"item.minecraft.brown_glazed_terracotta.0","block":true},{"id":"minecraft:green_glazed_terracotta","metadata":0,"translationKey":"item.minecraft.green_glazed_terracotta.0","block":true},{"id":"minecraft:red_glazed_terracotta","metadata":0,"translationKey":"item.minecraft.red_glazed_terracotta.0","block":true},{"id":"minecraft:black_glazed_terracotta","metadata":0,"translationKey":"item.minecraft.black_glazed_terracotta.0","block":true},{"id":"minecraft:concrete","metadata":0,"translationKey":"item.minecraft.concrete.0","block":true},{"id":"minecraft:concrete","metadata":1,"translationKey":"item.minecraft.concrete.1","block":true},{"id":"minecraft:concrete","metadata":2,"translationKey":"item.minecraft.concrete.2","block":true},{"id":"minecraft:concrete","metadata":3,"translationKey":"item.minecraft.concrete.3","block":true},{"id":"minecraft:concrete","metadata":4,"translationKey":"item.minecraft.concrete.4","block":true},{"id":"minecraft:concrete","metadata":5,"translationKey":"item.minecraft.concrete.5","block":true},{"id":"minecraft:concrete","metadata":6,"translationKey":"item.minecraft.concrete.6","block":true},{"id":"minecraft:concrete","metadata":7,"translationKey":"item.minecraft.concrete.7","block":true},{"id":"minecraft:concrete","metadata":8,"translationKey":"item.minecraft.concrete.8","block":true},{"id":"minecraft:concrete","metadata":9,"translationKey":"item.minecraft.concrete.9","block":true},{"id":"minecraft:concrete","metadata":10,"translationKey":"item.minecraft.concrete.10","block":true},{"id":"minecraft:concrete","metadata":11,"translationKey":"item.minecraft.concrete.11","block":true},{"id":"minecraft:concrete","metadata":12,"translationKey":"item.minecraft.concrete.12","block":true},{"id":"minecraft:concrete","metadata":13,"translationKey":"item.minecraft.concrete.13","block":true},{"id":"minecraft:concrete","metadata":14,"translationKey":"item.minecraft.concrete.14","block":true},{"id":"minecraft:concrete","metadata":15,"translationKey":"item.minecraft.concrete.15","block":true},{"id":"minecraft:concrete_powder","metadata":0,"translationKey":"item.minecraft.concrete_powder.0","block":true},{"id":"minecraft:concrete_powder","metadata":1,"translationKey":"item.minecraft.concrete_powder.1","block":true},{"id":"minecraft:concrete_powder","metadata":2,"translationKey":"item.minecraft.concrete_powder.2","block":true},{"id":"minecraft:concrete_powder","metadata":3,"translationKey":"item.minecraft.concrete_powder.3","block":true},{"id":"minecraft:concrete_powder","metadata":4,"translationKey":"item.minecraft.concrete_powder.4","block":true},{"id":"minecraft:concrete_powder","metadata":5,"translationKey":"item.minecraft.concrete_powder.5","block":true},{"id":"minecraft:concrete_powder","metadata":6,"translationKey":"item.minecraft.concrete_powder.6","block":true},{"id":"minecraft:concrete_powder","metadata":7,"translationKey":"item.minecraft.concrete_powder.7","block":true},{"id":"minecraft:concrete_powder","metadata":8,"translationKey":"item.minecraft.concrete_powder.8","block":true},{"id":"minecraft:concrete_powder","metadata":9,"translationKey":"item.minecraft.concrete_powder.9","block":true},{"id":"minecraft:concrete_powder","metadata":10,"translationKey":"item.minecraft.concrete_powder.10","block":true},{"id":"minecraft:concrete_powder","metadata":11,"translationKey":"item.minecraft.concrete_powder.11","block":true},{"id":"minecraft:concrete_powder","metadata":12,"translationKey":"item.minecraft.concrete_powder.12","block":true},{"id":"minecraft:concrete_powder","metadata":13,"translationKey":"item.minecraft.concrete_powder.13","block":true},{"id":"minecraft:concrete_powder","metadata":14,"translationKey":"item.minecraft.concrete_powder.14","block":true},{"id":"minecraft:concrete_powder","metadata":15,"translationKey":"item.minecraft.concrete_powder.15","block":true},{"id":"minecraft:structure_block","metadata":0,"translationKey":"item.minecraft.structure_block.0","block":true},{"id":"minecraft:iron_shovel","metadata":0,"translationKey":"item.minecraft.iron_shovel.0","block":false},{"id":"minecraft:iron_pickaxe","metadata":0,"translationKey":"item.minecraft.iron_pickaxe.0","block":false},{"id":"minecraft:iron_axe","metadata":0,"translationKey":"item.minecraft.iron_axe.0","block":false},{"id":"minecraft:flint_and_steel","metadata":0,"translationKey":"item.minecraft.flint_and_steel.0","block":false},{"id":"minecraft:apple","metadata":0,"translationKey":"item.minecraft.apple.0","block":false},{"id":"minecraft:bow","metadata":0,"translationKey":"item.minecraft.bow.0","block":false},{"id":"minecraft:arrow","metadata":0,"translationKey":"item.minecraft.arrow.0","block":false},{"id":"minecraft:coal","metadata":0,"translationKey":"item.minecraft.coal.0","block":false},{"id":"minecraft:coal","metadata":1,"translationKey":"item.minecraft.coal.1","block":false},{"id":"minecraft:diamond","metadata":0,"translationKey":"item.minecraft.diamond.0","block":false},{"id":"minecraft:iron_ingot","metadata":0,"translationKey":"item.minecraft.iron_ingot.0","block":false},{"id":"minecraft:gold_ingot","metadata":0,"translationKey":"item.minecraft.gold_ingot.0","block":false},{"id":"minecraft:iron_sword","metadata":0,"translationKey":"item.minecraft.iron_sword.0","block":false},{"id":"minecraft:wooden_sword","metadata":0,"translationKey":"item.minecraft.wooden_sword.0","block":false},{"id":"minecraft:wooden_shovel","metadata":0,"translationKey":"item.minecraft.wooden_shovel.0","block":false},{"id":"minecraft:wooden_pickaxe","metadata":0,"translationKey":"item.minecraft.wooden_pickaxe.0","block":false},{"id":"minecraft:wooden_axe","metadata":0,"translationKey":"item.minecraft.wooden_axe.0","block":false},{"id":"minecraft:stone_sword","metadata":0,"translationKey":"item.minecraft.stone_sword.0","block":false},{"id":"minecraft:stone_shovel","metadata":0,"translationKey":"item.minecraft.stone_shovel.0","block":false},{"id":"minecraft:stone_pickaxe","metadata":0,"translationKey":"item.minecraft.stone_pickaxe.0","block":false},{"id":"minecraft:stone_axe","metadata":0,"translationKey":"item.minecraft.stone_axe.0","block":false},{"id":"minecraft:diamond_sword","metadata":0,"translationKey":"item.minecraft.diamond_sword.0","block":false},{"id":"minecraft:diamond_shovel","metadata":0,"translationKey":"item.minecraft.diamond_shovel.0","block":false},{"id":"minecraft:diamond_pickaxe","metadata":0,"translationKey":"item.minecraft.diamond_pickaxe.0","block":false},{"id":"minecraft:diamond_axe","metadata":0,"translationKey":"item.minecraft.diamond_axe.0","block":false},{"id":"minecraft:stick","metadata":0,"translationKey":"item.minecraft.stick.0","block":false},{"id":"minecraft:bowl","metadata":0,"translationKey":"item.minecraft.bowl.0","block":false},{"id":"minecraft:mushroom_stew","metadata":0,"translationKey":"item.minecraft.mushroom_stew.0","block":false},{"id":"minecraft:golden_sword","metadata":0,"translationKey":"item.minecraft.golden_sword.0","block":false},{"id":"minecraft:golden_shovel","metadata":0,"translationKey":"item.minecraft.golden_shovel.0","block":false},{"id":"minecraft:golden_pickaxe","metadata":0,"translationKey":"item.minecraft.golden_pickaxe.0","block":false},{"id":"minecraft:golden_axe","metadata":0,"translationKey":"item.minecraft.golden_axe.0","block":false},{"id":"minecraft:string","metadata":0,"translationKey":"item.minecraft.string.0","block":false},{"id":"minecraft:feather","metadata":0,"translationKey":"item.minecraft.feather.0","block":false},{"id":"minecraft:gunpowder","metadata":0,"translationKey":"item.minecraft.gunpowder.0","block":false},{"id":"minecraft:wooden_hoe","metadata":0,"translationKey":"item.minecraft.wooden_hoe.0","block":false},{"id":"minecraft:stone_hoe","metadata":0,"translationKey":"item.minecraft.stone_hoe.0","block":false},{"id":"minecraft:iron_hoe","metadata":0,"translationKey":"item.minecraft.iron_hoe.0","block":false},{"id":"minecraft:diamond_hoe","metadata":0,"translationKey":"item.minecraft.diamond_hoe.0","block":false},{"id":"minecraft:golden_hoe","metadata":0,"translationKey":"item.minecraft.golden_hoe.0","block":false},{"id":"minecraft:wheat_seeds","metadata":0,"translationKey":"item.minecraft.wheat_seeds.0","block":false},{"id":"minecraft:wheat","metadata":0,"translationKey":"item.minecraft.wheat.0","block":false},{"id":"minecraft:bread","metadata":0,"translationKey":"item.minecraft.bread.0","block":false},{"id":"minecraft:leather_helmet","metadata":0,"translationKey":"item.minecraft.leather_helmet.0","block":false},{"id":"minecraft:leather_chestplate","metadata":0,"translationKey":"item.minecraft.leather_chestplate.0","block":false},{"id":"minecraft:leather_leggings","metadata":0,"translationKey":"item.minecraft.leather_leggings.0","block":false},{"id":"minecraft:leather_boots","metadata":0,"translationKey":"item.minecraft.leather_boots.0","block":false},{"id":"minecraft:chainmail_helmet","metadata":0,"translationKey":"item.minecraft.chainmail_helmet.0","block":false},{"id":"minecraft:chainmail_chestplate","metadata":0,"translationKey":"item.minecraft.chainmail_chestplate.0","block":false},{"id":"minecraft:chainmail_leggings","metadata":0,"translationKey":"item.minecraft.chainmail_leggings.0","block":false},{"id":"minecraft:chainmail_boots","metadata":0,"translationKey":"item.minecraft.chainmail_boots.0","block":false},{"id":"minecraft:iron_helmet","metadata":0,"translationKey":"item.minecraft.iron_helmet.0","block":false},{"id":"minecraft:iron_chestplate","metadata":0,"translationKey":"item.minecraft.iron_chestplate.0","block":false},{"id":"minecraft:iron_leggings","metadata":0,"translationKey":"item.minecraft.iron_leggings.0","block":false},{"id":"minecraft:iron_boots","metadata":0,"translationKey":"item.minecraft.iron_boots.0","block":false},{"id":"minecraft:diamond_helmet","metadata":0,"translationKey":"item.minecraft.diamond_helmet.0","block":false},{"id":"minecraft:diamond_chestplate","metadata":0,"translationKey":"item.minecraft.diamond_chestplate.0","block":false},{"id":"minecraft:diamond_leggings","metadata":0,"translationKey":"item.minecraft.diamond_leggings.0","block":false},{"id":"minecraft:diamond_boots","metadata":0,"translationKey":"item.minecraft.diamond_boots.0","block":false},{"id":"minecraft:golden_helmet","metadata":0,"translationKey":"item.minecraft.golden_helmet.0","block":false},{"id":"minecraft:golden_chestplate","metadata":0,"translationKey":"item.minecraft.golden_chestplate.0","block":false},{"id":"minecraft:golden_leggings","metadata":0,"translationKey":"item.minecraft.golden_leggings.0","block":false},{"id":"minecraft:golden_boots","metadata":0,"translationKey":"item.minecraft.golden_boots.0","block":false},{"id":"minecraft:flint","metadata":0,"translationKey":"item.minecraft.flint.0","block":false},{"id":"minecraft:porkchop","metadata":0,"translationKey":"item.minecraft.porkchop.0","block":false},{"id":"minecraft:cooked_porkchop","metadata":0,"translationKey":"item.minecraft.cooked_porkchop.0","block":false},{"id":"minecraft:painting","metadata":0,"translationKey":"item.minecraft.painting.0","block":false},{"id":"minecraft:golden_apple","metadata":0,"translationKey":"item.minecraft.golden_apple.0","block":false},{"id":"minecraft:golden_apple","metadata":1,"translationKey":"item.minecraft.golden_apple.1","block":false},{"id":"minecraft:sign","metadata":0,"translationKey":"item.minecraft.sign.0","block":false},{"id":"minecraft:wooden_door","metadata":0,"translationKey":"item.minecraft.wooden_door.0","block":false},{"id":"minecraft:bucket","metadata":0,"translationKey":"item.minecraft.bucket.0","block":false},{"id":"minecraft:water_bucket","metadata":0,"translationKey":"item.minecraft.water_bucket.0","block":false},{"id":"minecraft:lava_bucket","metadata":0,"translationKey":"item.minecraft.lava_bucket.0","block":false},{"id":"minecraft:minecart","metadata":0,"translationKey":"item.minecraft.minecart.0","block":false},{"id":"minecraft:saddle","metadata":0,"translationKey":"item.minecraft.saddle.0","block":false},{"id":"minecraft:iron_door","metadata":0,"translationKey":"item.minecraft.iron_door.0","block":false},{"id":"minecraft:redstone","metadata":0,"translationKey":"item.minecraft.redstone.0","block":false},{"id":"minecraft:snowball","metadata":0,"translationKey":"item.minecraft.snowball.0","block":false},{"id":"minecraft:boat","metadata":0,"translationKey":"item.minecraft.boat.0","block":false},{"id":"minecraft:leather","metadata":0,"translationKey":"item.minecraft.leather.0","block":false},{"id":"minecraft:milk_bucket","metadata":0,"translationKey":"item.minecraft.milk_bucket.0","block":false},{"id":"minecraft:brick","metadata":0,"translationKey":"item.minecraft.brick.0","block":false},{"id":"minecraft:clay_ball","metadata":0,"translationKey":"item.minecraft.clay_ball.0","block":false},{"id":"minecraft:reeds","metadata":0,"translationKey":"item.minecraft.reeds.0","block":false},{"id":"minecraft:paper","metadata":0,"translationKey":"item.minecraft.paper.0","block":false},{"id":"minecraft:book","metadata":0,"translationKey":"item.minecraft.book.0","block":false},{"id":"minecraft:slime_ball","metadata":0,"translationKey":"item.minecraft.slime_ball.0","block":false},{"id":"minecraft:chest_minecart","metadata":0,"translationKey":"item.minecraft.chest_minecart.0","block":false},{"id":"minecraft:furnace_minecart","metadata":0,"translationKey":"item.minecraft.furnace_minecart.0","block":false},{"id":"minecraft:egg","metadata":0,"translationKey":"item.minecraft.egg.0","block":false},{"id":"minecraft:compass","metadata":0,"translationKey":"item.minecraft.compass.0","block":false},{"id":"minecraft:fishing_rod","metadata":0,"translationKey":"item.minecraft.fishing_rod.0","block":false},{"id":"minecraft:clock","metadata":0,"translationKey":"item.minecraft.clock.0","block":false},{"id":"minecraft:glowstone_dust","metadata":0,"translationKey":"item.minecraft.glowstone_dust.0","block":false},{"id":"minecraft:fish","metadata":0,"translationKey":"item.minecraft.fish.0","block":false},{"id":"minecraft:fish","metadata":1,"translationKey":"item.minecraft.fish.1","block":false},{"id":"minecraft:fish","metadata":2,"translationKey":"item.minecraft.fish.2","block":false},{"id":"minecraft:fish","metadata":3,"translationKey":"item.minecraft.fish.3","block":false},{"id":"minecraft:cooked_fish","metadata":0,"translationKey":"item.minecraft.cooked_fish.0","block":false},{"id":"minecraft:cooked_fish","metadata":1,"translationKey":"item.minecraft.cooked_fish.1","block":false},{"id":"minecraft:dye","metadata":0,"translationKey":"item.minecraft.dye.0","block":false},{"id":"minecraft:dye","metadata":1,"translationKey":"item.minecraft.dye.1","block":false},{"id":"minecraft:dye","metadata":2,"translationKey":"item.minecraft.dye.2","block":false},{"id":"minecraft:dye","metadata":3,"translationKey":"item.minecraft.dye.3","block":false},{"id":"minecraft:dye","metadata":4,"translationKey":"item.minecraft.dye.4","block":false},{"id":"minecraft:dye","metadata":5,"translationKey":"item.minecraft.dye.5","block":false},{"id":"minecraft:dye","metadata":6,"translationKey":"item.minecraft.dye.6","block":false},{"id":"minecraft:dye","metadata":7,"translationKey":"item.minecraft.dye.7","block":false},{"id":"minecraft:dye","metadata":8,"translationKey":"item.minecraft.dye.8","block":false},{"id":"minecraft:dye","metadata":9,"translationKey":"item.minecraft.dye.9","block":false},{"id":"minecraft:dye","metadata":10,"translationKey":"item.minecraft.dye.10","block":false},{"id":"minecraft:dye","metadata":11,"translationKey":"item.minecraft.dye.11","block":false},{"id":"minecraft:dye","metadata":12,"translationKey":"item.minecraft.dye.12","block":false},{"id":"minecraft:dye","metadata":13,"translationKey":"item.minecraft.dye.13","block":false},{"id":"minecraft:dye","metadata":14,"translationKey":"item.minecraft.dye.14","block":false},{"id":"minecraft:dye","metadata":15,"translationKey":"item.minecraft.dye.15","block":false},{"id":"minecraft:bone","metadata":0,"translationKey":"item.minecraft.bone.0","block":false},{"id":"minecraft:sugar","metadata":0,"translationKey":"item.minecraft.sugar.0","block":false},{"id":"minecraft:cake","metadata":0,"translationKey":"item.minecraft.cake.0","block":false},{"id":"minecraft:bed","metadata":0,"translationKey":"item.minecraft.bed.0","block":false},{"id":"minecraft:bed","metadata":1,"translationKey":"item.minecraft.bed.1","block":false},{"id":"minecraft:bed","metadata":2,"translationKey":"item.minecraft.bed.2","block":false},{"id":"minecraft:bed","metadata":3,"translationKey":"item.minecraft.bed.3","block":false},{"id":"minecraft:bed","metadata":4,"translationKey":"item.minecraft.bed.4","block":false},{"id":"minecraft:bed","metadata":5,"translationKey":"item.minecraft.bed.5","block":false},{"id":"minecraft:bed","metadata":6,"translationKey":"item.minecraft.bed.6","block":false},{"id":"minecraft:bed","metadata":7,"translationKey":"item.minecraft.bed.7","block":false},{"id":"minecraft:bed","metadata":8,"translationKey":"item.minecraft.bed.8","block":false},{"id":"minecraft:bed","metadata":9,"translationKey":"item.minecraft.bed.9","block":false},{"id":"minecraft:bed","metadata":10,"translationKey":"item.minecraft.bed.10","block":false},{"id":"minecraft:bed","metadata":11,"translationKey":"item.minecraft.bed.11","block":false},{"id":"minecraft:bed","metadata":12,"translationKey":"item.minecraft.bed.12","block":false},{"id":"minecraft:bed","metadata":13,"translationKey":"item.minecraft.bed.13","block":false},{"id":"minecraft:bed","metadata":14,"translationKey":"item.minecraft.bed.14","block":false},{"id":"minecraft:bed","metadata":15,"translationKey":"item.minecraft.bed.15","block":false},{"id":"minecraft:repeater","metadata":0,"translationKey":"item.minecraft.repeater.0","block":false},{"id":"minecraft:cookie","metadata":0,"translationKey":"item.minecraft.cookie.0","block":false},{"id":"minecraft:filled_map","metadata":0,"translationKey":"item.minecraft.filled_map.0","block":false},{"id":"minecraft:shears","metadata":0,"translationKey":"item.minecraft.shears.0","block":false},{"id":"minecraft:melon","metadata":0,"translationKey":"item.minecraft.melon.0","block":false},{"id":"minecraft:pumpkin_seeds","metadata":0,"translationKey":"item.minecraft.pumpkin_seeds.0","block":false},{"id":"minecraft:melon_seeds","metadata":0,"translationKey":"item.minecraft.melon_seeds.0","block":false},{"id":"minecraft:beef","metadata":0,"translationKey":"item.minecraft.beef.0","block":false},{"id":"minecraft:cooked_beef","metadata":0,"translationKey":"item.minecraft.cooked_beef.0","block":false},{"id":"minecraft:chicken","metadata":0,"translationKey":"item.minecraft.chicken.0","block":false},{"id":"minecraft:cooked_chicken","metadata":0,"translationKey":"item.minecraft.cooked_chicken.0","block":false},{"id":"minecraft:rotten_flesh","metadata":0,"translationKey":"item.minecraft.rotten_flesh.0","block":false},{"id":"minecraft:ender_pearl","metadata":0,"translationKey":"item.minecraft.ender_pearl.0","block":false},{"id":"minecraft:blaze_rod","metadata":0,"translationKey":"item.minecraft.blaze_rod.0","block":false},{"id":"minecraft:ghast_tear","metadata":0,"translationKey":"item.minecraft.ghast_tear.0","block":false},{"id":"minecraft:gold_nugget","metadata":0,"translationKey":"item.minecraft.gold_nugget.0","block":false},{"id":"minecraft:nether_wart","metadata":0,"translationKey":"item.minecraft.nether_wart.0","block":false},{"id":"minecraft:potion","metadata":0,"translationKey":"item.minecraft.potion.0","block":false},{"id":"minecraft:glass_bottle","metadata":0,"translationKey":"item.minecraft.glass_bottle.0","block":false},{"id":"minecraft:spider_eye","metadata":0,"translationKey":"item.minecraft.spider_eye.0","block":false},{"id":"minecraft:fermented_spider_eye","metadata":0,"translationKey":"item.minecraft.fermented_spider_eye.0","block":false},{"id":"minecraft:blaze_powder","metadata":0,"translationKey":"item.minecraft.blaze_powder.0","block":false},{"id":"minecraft:magma_cream","metadata":0,"translationKey":"item.minecraft.magma_cream.0","block":false},{"id":"minecraft:brewing_stand","metadata":0,"translationKey":"item.minecraft.brewing_stand.0","block":false},{"id":"minecraft:cauldron","metadata":0,"translationKey":"item.minecraft.cauldron.0","block":false},{"id":"minecraft:ender_eye","metadata":0,"translationKey":"item.minecraft.ender_eye.0","block":false},{"id":"minecraft:speckled_melon","metadata":0,"translationKey":"item.minecraft.speckled_melon.0","block":false},{"id":"minecraft:spawn_egg","metadata":0,"translationKey":"item.minecraft.spawn_egg.0","block":false},{"id":"minecraft:experience_bottle","metadata":0,"translationKey":"item.minecraft.experience_bottle.0","block":false},{"id":"minecraft:fire_charge","metadata":0,"translationKey":"item.minecraft.fire_charge.0","block":false},{"id":"minecraft:writable_book","metadata":0,"translationKey":"item.minecraft.writable_book.0","block":false},{"id":"minecraft:written_book","metadata":0,"translationKey":"item.minecraft.written_book.0","block":false},{"id":"minecraft:emerald","metadata":0,"translationKey":"item.minecraft.emerald.0","block":false},{"id":"minecraft:item_frame","metadata":0,"translationKey":"item.minecraft.item_frame.0","block":false},{"id":"minecraft:flower_pot","metadata":0,"translationKey":"item.minecraft.flower_pot.0","block":false},{"id":"minecraft:carrot","metadata":0,"translationKey":"item.minecraft.carrot.0","block":false},{"id":"minecraft:potato","metadata":0,"translationKey":"item.minecraft.potato.0","block":false},{"id":"minecraft:baked_potato","metadata":0,"translationKey":"item.minecraft.baked_potato.0","block":false},{"id":"minecraft:poisonous_potato","metadata":0,"translationKey":"item.minecraft.poisonous_potato.0","block":false},{"id":"minecraft:map","metadata":0,"translationKey":"item.minecraft.map.0","block":false},{"id":"minecraft:golden_carrot","metadata":0,"translationKey":"item.minecraft.golden_carrot.0","block":false},{"id":"minecraft:skull","metadata":0,"translationKey":"item.minecraft.skull.0","block":false},{"id":"minecraft:skull","metadata":1,"translationKey":"item.minecraft.skull.1","block":false},{"id":"minecraft:skull","metadata":2,"translationKey":"item.minecraft.skull.2","block":false},{"id":"minecraft:skull","metadata":3,"translationKey":"item.minecraft.skull.3","block":false},{"id":"minecraft:skull","metadata":4,"translationKey":"item.minecraft.skull.4","block":false},{"id":"minecraft:skull","metadata":5,"translationKey":"item.minecraft.skull.5","block":false},{"id":"minecraft:carrot_on_a_stick","metadata":0,"translationKey":"item.minecraft.carrot_on_a_stick.0","block":false},{"id":"minecraft:nether_star","metadata":0,"translationKey":"item.minecraft.nether_star.0","block":false},{"id":"minecraft:pumpkin_pie","metadata":0,"translationKey":"item.minecraft.pumpkin_pie.0","block":false},{"id":"minecraft:fireworks","metadata":0,"translationKey":"item.minecraft.fireworks.0","block":false},{"id":"minecraft:firework_charge","metadata":0,"translationKey":"item.minecraft.firework_charge.0","block":false},{"id":"minecraft:enchanted_book","metadata":0,"translationKey":"item.minecraft.enchanted_book.0","block":false},{"id":"minecraft:comparator","metadata":0,"translationKey":"item.minecraft.comparator.0","block":false},{"id":"minecraft:netherbrick","metadata":0,"translationKey":"item.minecraft.netherbrick.0","block":false},{"id":"minecraft:quartz","metadata":0,"translationKey":"item.minecraft.quartz.0","block":false},{"id":"minecraft:tnt_minecart","metadata":0,"translationKey":"item.minecraft.tnt_minecart.0","block":false},{"id":"minecraft:hopper_minecart","metadata":0,"translationKey":"item.minecraft.hopper_minecart.0","block":false},{"id":"minecraft:prismarine_shard","metadata":0,"translationKey":"item.minecraft.prismarine_shard.0","block":false},{"id":"minecraft:prismarine_crystals","metadata":0,"translationKey":"item.minecraft.prismarine_crystals.0","block":false},{"id":"minecraft:rabbit","metadata":0,"translationKey":"item.minecraft.rabbit.0","block":false},{"id":"minecraft:cooked_rabbit","metadata":0,"translationKey":"item.minecraft.cooked_rabbit.0","block":false},{"id":"minecraft:rabbit_stew","metadata":0,"translationKey":"item.minecraft.rabbit_stew.0","block":false},{"id":"minecraft:rabbit_foot","metadata":0,"translationKey":"item.minecraft.rabbit_foot.0","block":false},{"id":"minecraft:rabbit_hide","metadata":0,"translationKey":"item.minecraft.rabbit_hide.0","block":false},{"id":"minecraft:armor_stand","metadata":0,"translationKey":"item.minecraft.armor_stand.0","block":false},{"id":"minecraft:iron_horse_armor","metadata":0,"translationKey":"item.minecraft.iron_horse_armor.0","block":false},{"id":"minecraft:golden_horse_armor","metadata":0,"translationKey":"item.minecraft.golden_horse_armor.0","block":false},{"id":"minecraft:diamond_horse_armor","metadata":0,"translationKey":"item.minecraft.diamond_horse_armor.0","block":false},{"id":"minecraft:lead","metadata":0,"translationKey":"item.minecraft.lead.0","block":false},{"id":"minecraft:name_tag","metadata":0,"translationKey":"item.minecraft.name_tag.0","block":false},{"id":"minecraft:command_block_minecart","metadata":0,"translationKey":"item.minecraft.command_block_minecart.0","block":false},{"id":"minecraft:mutton","metadata":0,"translationKey":"item.minecraft.mutton.0","block":false},{"id":"minecraft:cooked_mutton","metadata":0,"translationKey":"item.minecraft.cooked_mutton.0","block":false},{"id":"minecraft:banner","metadata":15,"translationKey":"item.minecraft.banner.15","block":true},{"id":"minecraft:banner","metadata":14,"translationKey":"item.minecraft.banner.14","block":true},{"id":"minecraft:banner","metadata":13,"translationKey":"item.minecraft.banner.13","block":true},{"id":"minecraft:banner","metadata":12,"translationKey":"item.minecraft.banner.12","block":true},{"id":"minecraft:banner","metadata":11,"translationKey":"item.minecraft.banner.11","block":true},{"id":"minecraft:banner","metadata":10,"translationKey":"item.minecraft.banner.10","block":true},{"id":"minecraft:banner","metadata":9,"translationKey":"item.minecraft.banner.9","block":true},{"id":"minecraft:banner","metadata":8,"translationKey":"item.minecraft.banner.8","block":true},{"id":"minecraft:banner","metadata":7,"translationKey":"item.minecraft.banner.7","block":true},{"id":"minecraft:banner","metadata":6,"translationKey":"item.minecraft.banner.6","block":true},{"id":"minecraft:banner","metadata":5,"translationKey":"item.minecraft.banner.5","block":true},{"id":"minecraft:banner","metadata":4,"translationKey":"item.minecraft.banner.4","block":true},{"id":"minecraft:banner","metadata":3,"translationKey":"item.minecraft.banner.3","block":true},{"id":"minecraft:banner","metadata":2,"translationKey":"item.minecraft.banner.2","block":true},{"id":"minecraft:banner","metadata":1,"translationKey":"item.minecraft.banner.1","block":true},{"id":"minecraft:banner","metadata":0,"translationKey":"item.minecraft.banner.0","block":true},{"id":"minecraft:end_crystal","metadata":0,"translationKey":"item.minecraft.end_crystal.0","block":false},{"id":"minecraft:spruce_door","metadata":0,"translationKey":"item.minecraft.spruce_door.0","block":false},{"id":"minecraft:birch_door","metadata":0,"translationKey":"item.minecraft.birch_door.0","block":false},{"id":"minecraft:jungle_door","metadata":0,"translationKey":"item.minecraft.jungle_door.0","block":false},{"id":"minecraft:acacia_door","metadata":0,"translationKey":"item.minecraft.acacia_door.0","block":false},{"id":"minecraft:dark_oak_door","metadata":0,"translationKey":"item.minecraft.dark_oak_door.0","block":false},{"id":"minecraft:chorus_fruit","metadata":0,"translationKey":"item.minecraft.chorus_fruit.0","block":false},{"id":"minecraft:chorus_fruit_popped","metadata":0,"translationKey":"item.minecraft.chorus_fruit_popped.0","block":false},{"id":"minecraft:beetroot","metadata":0,"translationKey":"item.minecraft.beetroot.0","block":false},{"id":"minecraft:beetroot_seeds","metadata":0,"translationKey":"item.minecraft.beetroot_seeds.0","block":false},{"id":"minecraft:beetroot_soup","metadata":0,"translationKey":"item.minecraft.beetroot_soup.0","block":false},{"id":"minecraft:dragon_breath","metadata":0,"translationKey":"item.minecraft.dragon_breath.0","block":false},{"id":"minecraft:splash_potion","metadata":0,"translationKey":"item.minecraft.splash_potion.0","block":false},{"id":"minecraft:spectral_arrow","metadata":0,"translationKey":"item.minecraft.spectral_arrow.0","block":false},{"id":"minecraft:tipped_arrow","metadata":0,"translationKey":"item.minecraft.tipped_arrow.0","block":false},{"id":"minecraft:lingering_potion","metadata":0,"translationKey":"item.minecraft.lingering_potion.0","block":false},{"id":"minecraft:shield","metadata":0,"translationKey":"item.minecraft.shield.0","block":false},{"id":"minecraft:elytra","metadata":0,"translationKey":"item.minecraft.elytra.0","block":false},{"id":"minecraft:spruce_boat","metadata":0,"translationKey":"item.minecraft.spruce_boat.0","block":false},{"id":"minecraft:birch_boat","metadata":0,"translationKey":"item.minecraft.birch_boat.0","block":false},{"id":"minecraft:jungle_boat","metadata":0,"translationKey":"item.minecraft.jungle_boat.0","block":false},{"id":"minecraft:acacia_boat","metadata":0,"translationKey":"item.minecraft.acacia_boat.0","block":false},{"id":"minecraft:dark_oak_boat","metadata":0,"translationKey":"item.minecraft.dark_oak_boat.0","block":false},{"id":"minecraft:totem_of_undying","metadata":0,"translationKey":"item.minecraft.totem_of_undying.0","block":false},{"id":"minecraft:shulker_shell","metadata":0,"translationKey":"item.minecraft.shulker_shell.0","block":false},{"id":"minecraft:iron_nugget","metadata":0,"translationKey":"item.minecraft.iron_nugget.0","block":false},{"id":"minecraft:knowledge_book","metadata":0,"translationKey":"item.minecraft.knowledge_book.0","block":false},{"id":"minecraft:record_13","metadata":0,"translationKey":"item.minecraft.record_13.0","block":false},{"id":"minecraft:record_cat","metadata":0,"translationKey":"item.minecraft.record_cat.0","block":false},{"id":"minecraft:record_blocks","metadata":0,"translationKey":"item.minecraft.record_blocks.0","block":false},{"id":"minecraft:record_chirp","metadata":0,"translationKey":"item.minecraft.record_chirp.0","block":false},{"id":"minecraft:record_far","metadata":0,"translationKey":"item.minecraft.record_far.0","block":false},{"id":"minecraft:record_mall","metadata":0,"translationKey":"item.minecraft.record_mall.0","block":false},{"id":"minecraft:record_mellohi","metadata":0,"translationKey":"item.minecraft.record_mellohi.0","block":false},{"id":"minecraft:record_stal","metadata":0,"translationKey":"item.minecraft.record_stal.0","block":false},{"id":"minecraft:record_strad","metadata":0,"translationKey":"item.minecraft.record_strad.0","block":false},{"id":"minecraft:record_ward","metadata":0,"translationKey":"item.minecraft.record_ward.0","block":false},{"id":"minecraft:record_11","metadata":0,"translationKey":"item.minecraft.record_11.0","block":false},{"id":"minecraft:record_wait","metadata":0,"translationKey":"item.minecraft.record_wait.0","block":false}]