[{"id":"minecraft:air","metadata":0,"translationKey":"tile.air","block":false},{"id":"minecraft:stone","metadata":0,"translationKey":"tile.stone.stone","block":true},{"id":"minecraft:stone","metadata":1,"translationKey":"tile.stone.granite","block":true},{"id":"minecraft:stone","metadata":2,"translationKey":"tile.stone.graniteSmooth","block":true},{"id":"minecraft:stone","metadata":3,"translationKey":"tile.stone.diorite","block":true},{"id":"minecraft:stone","metadata":4,"translationKey":"tile.stone.dioriteSmooth","block":true},{"id":"minecraft:stone","metadata":5,"translationKey":"tile.stone.andesite","block":true},{"id":"minecraft:stone","metadata":6,"translationKey":"tile.stone.andesiteSmooth","block":true},{"id":"minecraft:grass","metadata":0,"translationKey":"tile.grass","block":true},{"id":"minecraft:dirt","metadata":0,"translationKey":"tile.dirt.default","block":true},{"id":"minecraft:dirt","metadata":1,"translationKey":"tile.dirt.coarse","block":true},{"id":"minecraft:dirt","metadata":2,"translationKey":"tile.dirt.podzol","block":true},{"id":"minecraft:cobblestone","metadata":0,"translationKey":"tile.stonebrick","block":true},{"id":"minecraft:planks","metadata":0,"translationKey":"tile.wood.oak","block":true},{"id":"minecraft:planks","metadata":1,"translationKey":"tile.wood.spruce","block":true},{"id":"minecraft:planks","metadata":2,"translationKey":"tile.wood.birch","block":true},{"id":"minecraft:planks","metadata":3,"translationKey":"tile.wood.jungle","block":true},{"id":"minecraft:planks","metadata":4,"translationKey":"tile.wood.acacia","block":true},{"id":"minecraft:planks","metadata":5,"translationKey":"tile.wood.big_oak","block":true},{"id":"minecraft:sapling","metadata":0,"translationKey":"tile.sapling.oak","block":true},{"id":"minecraft:sapling","metadata":1,"translationKey":"tile.sapling.spruce","block":true},{"id":"minecraft:sapling","metadata":2,"translationKey":"tile.sapling.birch","block":true},{"id":"minecraft:sapling","metadata":3,"translationKey":"tile.sapling.jungle","block":true},{"id":"minecraft:sapling","metadata":4,"translationKey":"tile.sapling.acacia","block":true},{"id":"minecraft:sapling","metadata":5,"translationKey":"tile.sapling.big_oak","block":true},{"id":"minecraft:bedrock","metadata":0,"translationKey":"tile.bedrock","block":true},{"id":"minecraft:sand","metadata":0,"translationKey":"tile.sand.default","block":true},{"id":"minecraft:sand","metadata":1,"translationKey":"tile.sand.red","block":true},{"id":"minecraft:gravel","metadata":0,"translationKey":"tile.gravel","block":true},{"id":"minecraft:gold_ore","metadata":0,"translationKey":"tile.oreGold","block":true},{"id":"minecraft:iron_ore","metadata":0,"translationKey":"tile.oreIron","block":true},{"id":"minecraft:coal_ore","metadata":0,"translationKey":"tile.oreCoal","block":true},{"id":"minecraft:log","metadata":0,"translationKey":"tile.log.oak","block":true},{"id":"minecraft:log","metadata":1,"translationKey":"tile.log.spruce","block":true},{"id":"minecraft:log","metadata":2,"translationKey":"tile.log.birch","block":true},{"id":"minecraft:log","metadata":3,"translationKey":"tile.log.jungle","block":true},{"id":"minecraft:leaves","metadata":0,"translationKey":"tile.leaves.oak","block":true},{"id":"minecraft:leaves","metadata":1,"translationKey":"tile.leaves.spruce","block":true},{"id":"minecraft:leaves","metadata":2,"translationKey":"tile.leaves.birch","block":true},{"id":"minecraft:leaves","metadata":3,"translationKey":"tile.leaves.jungle","block":true},{"id":"minecraft:sponge","metadata":0,"translationKey":"tile.sponge.dry","block":true},{"id":"minecraft:sponge","metadata":1,"translationKey":"tile.sponge.wet","block":true},{"id":"minecraft:glass","metadata":0,"translationKey":"tile.glass","block":true},{"id":"minecraft:lapis_ore","metadata":0,"translationKey":"tile.oreLapis","block":true},{"id":"minecraft:lapis_block","metadata":0,"translationKey":"tile.blockLapis","block":true},{"id":"minecraft:dispenser","metadata":0,"translationKey":"tile.dispenser","block":true},{"id":"minecraft:sandstone","metadata":0,"translationKey":"tile.sandStone.default","block":true},{"id":"minecraft:sandstone","metadata":1,"translationKey":"tile.sandStone.chiseled","block":true},{"id":"minecraft:sandstone","metadata":2,"translationKey":"tile.sandStone.smooth","block":true},{"id":"minecraft:noteblock","metadata":0,"translationKey":"tile.musicBlock","block":true},{"id":"minecraft:golden_rail","metadata":0,"translationKey":"tile.goldenRail","block":true},{"id":"minecraft:detector_rail","metadata":0,"translationKey":"tile.detectorRail","block":true},{"id":"minecraft:sticky_piston","metadata":0,"translationKey":"tile.pistonStickyBase","block":true},{"id":"minecraft:web","metadata":0,"translationKey":"tile.web","block":true},{"id":"minecraft:tallgrass","metadata":1,"translationKey":"tile.tallgrass.grass","block":true},{"id":"minecraft:tallgrass","metadata":2,"translationKey":"tile.tallgrass.fern","block":true},{"id":"minecraft:deadbush","metadata":0,"translationKey":"tile.deadbush","block":true},{"id":"minecraft:piston","metadata":0,"translationKey":"tile.pistonBase","block":true},{"id":"minecraft:wool","metadata":0,"translationKey":"tile.cloth.white","block":true},{"id":"minecraft:wool","metadata":1,"translationKey":"tile.cloth.orange","block":true},{"id":"minecraft:wool","metadata":2,"translationKey":"tile.cloth.magenta","block":true},{"id":"minecraft:wool","metadata":3,"translationKey":"tile.cloth.lightBlue","block":true},{"id":"minecraft:wool","metadata":4,"translationKey":"tile.cloth.yellow","block":true},{"id":"minecraft:wool","metadata":5,"translationKey":"tile.cloth.lime","block":true},{"id":"minecraft:wool","metadata":6,"translationKey":"tile.cloth.pink","block":true},{"id":"minecraft:wool","metadata":7,"translationKey":"tile.cloth.gray","block":true},{"id":"minecraft:wool","metadata":8,"translationKey":"tile.cloth.silver","block":true},{"id":"minecraft:wool","metadata":9,"translationKey":"tile.cloth.cyan","block":true},{"id":"minecraft:wool","metadata":10,"translationKey":"tile.cloth.purple","block":true},{"id":"minecraft:wool","metadata":11,"translationKey":"tile.cloth.blue","block":true},{"id":"minecraft:wool","metadata":12,"translationKey":"tile.cloth.brown","block":true},{"id":"minecraft:wool","metadata":13,"translationKey":"tile.cloth.green","block":true},{"id":"minecraft:wool","metadata":14,"translationKey":"tile.cloth.red","block":true},{"id":"minecraft:wool","metadata":15,"translationKey":"tile.cloth.black","block":true},{"id":"minecraft:yellow_flower","metadata":0,"translationKey":"tile.flower1.dandelion","block":true},{"id":"minecraft:red_flower","metadata":0,"translationKey":"tile.flower2.poppy","block":true},{"id":"minecraft:red_flower","metadata":1,"translationKey":"tile.flower2.blueOrchid","block":true},{"id":"minecraft:red_flower","metadata":2,"translationKey":"tile.flower2.allium","block":true},{"id":"minecraft:red_flower","metadata":3,"translationKey":"tile.flower2.houstonia","block":true},{"id":"minecraft:red_flower","metadata":4,"translationKey":"tile.flower2.tulipRed","block":true},{"id":"minecraft:red_flower","metadata":5,"translationKey":"tile.flower2.tulipOrange","block":true},{"id":"minecraft:red_flower","metadata":6,"translationKey":"tile.flower2.tulipWhite","block":true},{"id":"minecraft:red_flower","metadata":7,"translationKey":"tile.flower2.tulipPink","block":true},{"id":"minecraft:red_flower","metadata":8,"translationKey":"tile.flower2.oxeyeDaisy","block":true},{"id":"minecraft:brown_mushroom","metadata":0,"translationKey":"tile.mushroom","block":true},{"id":"minecraft:red_mushroom","metadata":0,"translationKey":"tile.mushroom","block":true},{"id":"minecraft:gold_block","metadata":0,"translationKey":"tile.blockGold","block":true},{"id":"minecraft:iron_block","metadata":0,"translationKey":"tile.blockIron","block":true},{"id":"minecraft:stone_slab","metadata":0,"translationKey":"tile.stoneSlab.stone","block":true},{"id":"minecraft:stone_slab","metadata":1,"translationKey":"tile.stoneSlab.sand","block":true},{"id":"minecraft:stone_slab","metadata":3,"translationKey":"tile.stoneSlab.cobble","block":true},{"id":"minecraft:stone_slab","metadata":4,"translationKey":"tile.stoneSlab.brick","block":true},{"id":"minecraft:stone_slab","metadata":5,"translationKey":"tile.stoneSlab.smoothStoneBrick","block":true},{"id":"minecraft:stone_slab","metadata":6,"translationKey":"tile.stoneSlab.netherBrick","block":true},{"id":"minecraft:stone_slab","metadata":7,"translationKey":"tile.stoneSlab.quartz","block":true},{"id":"minecraft:brick_block","metadata":0,"translationKey":"tile.brick","block":true},{"id":"minecraft:tnt","metadata":0,"translationKey":"tile.tnt","block":true},{"id":"minecraft:bookshelf","metadata":0,"translationKey":"tile.bookshelf","block":true},{"id":"minecraft:mossy_cobblestone","metadata":0,"translationKey":"tile.stoneMoss","block":true},{"id":"minecraft:obsidian","metadata":0,"translationKey":"tile.obsidian","block":true},{"id":"minecraft:torch","metadata":0,"translationKey":"tile.torch","block":true},{"id":"minecraft:mob_spawner","metadata":0,"translationKey":"tile.mobSpawner","block":true},{"id":"minecraft:oak_stairs","metadata":0,"translationKey":"tile.stairsWood","block":true},{"id":"minecraft:chest","metadata":0,"translationKey":"tile.chest","block":true},{"id":"minecraft:diamond_ore","metadata":0,"translationKey":"tile.oreDiamond","block":true},{"id":"minecraft:diamond_block","metadata":0,"translationKey":"tile.blockDiamond","block":true},{"id":"minecraft:crafting_table","metadata":0,"translationKey":"tile.workbench","block":true},{"id":"minecraft:farmland","metadata":0,"translationKey":"tile.farmland","block":true},{"id":"minecraft:furnace","metadata":0,"translationKey":"tile.furnace","block":true},{"id":"minecraft:ladder","metadata":0,"translationKey":"tile.ladder","block":true},{"id":"minecraft:rail","metadata":0,"translationKey":"tile.rail","block":true},{"id":"minecraft:stone_stairs","metadata":0,"translationKey":"tile.stairsStone","block":true},{"id":"minecraft:lever","metadata":0,"translationKey":"tile.lever","block":true},{"id":"minecraft:stone_pressure_plate","metadata":0,"translationKey":"tile.pressurePlateStone","block":true},{"id":"minecraft:wooden_pressure_plate","metadata":0,"translationKey":"tile.pressurePlateWood","block":true},{"id":"minecraft:redstone_ore","metadata":0,"translationKey":"tile.oreRedstone","block":true},{"id":"minecraft:redstone_torch","metadata":0,"translationKey":"tile.notGate","block":true},{"id":"minecraft:stone_button","metadata":0,"translationKey":"tile.button","block":true},{"id":"minecraft:snow_layer","metadata":0,"translationKey":"tile.snow","block":true},{"id":"minecraft:ice","metadata":0,"translationKey":"tile.ice","block":true},{"id":"minecraft:snow","metadata":0,"translationKey":"tile.snow","block":true},{"id":"minecraft:cactus","metadata":0,"translationKey":"tile.cactus","block":true},{"id":"minecraft:clay","metadata":0,"translationKey":"tile.clay","block":true},{"id":"minecraft:jukebox","metadata":0,"translationKey":"tile.jukebox","block":true},{"id":"minecraft:fence","metadata":0,"translationKey":"tile.fence","block":true},{"id":"minecraft:pumpkin","metadata":0,"translationKey":"tile.pumpkin","block":true},{"id":"minecraft:netherrack","metadata":0,"translationKey":"tile.hellrock","block":true},{"id":"minecraft:soul_sand","metadata":0,"translationKey":"tile.hellsand","block":true},{"id":"minecraft:glowstone","metadata":0,"translationKey":"tile.lightgem","block":true},{"id":"minecraft:lit_pumpkin","metadata":0,"translationKey":"tile.litpumpkin","block":true},{"id":"minecraft:stained_glass","metadata":0,"translationKey":"tile.stainedGlass.white","block":true},{"id":"minecraft:stained_glass","metadata":1,"translationKey":"tile.stainedGlass.orange","block":true},{"id":"minecraft:stained_glass","metadata":2,"translationKey":"tile.stainedGlass.magenta","block":true},{"id":"minecraft:stained_glass","metadata":3,"translationKey":"tile.stainedGlass.lightBlue","block":true},{"id":"minecraft:stained_glass","metadata":4,"translationKey":"tile.stainedGlass.yellow","block":true},{"id":"minecraft:stained_glass","metadata":5,"translationKey":"tile.stainedGlass.lime","block":true},{"id":"minecraft:stained_glass","metadata":6,"translationKey":"tile.stainedGlass.pink","block":true},{"id":"minecraft:stained_glass","metadata":7,"translationKey":"tile.stainedGlass.gray","block":true},{"id":"minecraft:stained_glass","metadata":8,"translationKey":"tile.stainedGlass.silver","block":true},{"id":"minecraft:stained_glass","metadata":9,"translationKey":"tile.stainedGlass.cyan","block":true},{"id":"minecraft:stained_glass","metadata":10,"translationKey":"tile.stainedGlass.purple","block":true},{"id":"minecraft:stained_glass","metadata":11,"translationKey":"tile.stainedGlass.blue","block":true},{"id":"minecraft:stained_glass","metadata":12,"translationKey":"tile.stainedGlass.brown","block":true},{"id":"minecraft:stained_glass","metadata":13,"translationKey":"tile.stainedGlass.green","block":true},{"id":"minecraft:stained_glass","metadata":14,"translationKey":"tile.stainedGlass.red","block":true},{"id":"minecraft:stained_glass","metadata":15,"translationKey":"tile.stainedGlass.black","block":true},{"id":"minecraft:trapdoor","metadata":0,"translationKey":"tile.trapdoor","block":true},{"id":"minecraft:monster_egg","metadata":0,"translationKey":"tile.monsterStoneEgg.stone","block":true},{"id":"minecraft:monster_egg","metadata":1,"translationKey":"tile.monsterStoneEgg.cobble","block":true},{"id":"minecraft:monster_egg","metadata":2,"translationKey":"tile.monsterStoneEgg.brick","block":true},{"id":"minecraft:monster_egg","metadata":3,"translationKey":"tile.monsterStoneEgg.mossybrick","block":true},{"id":"minecraft:monster_egg","metadata":4,"translationKey":"tile.monsterStoneEgg.crackedbrick","block":true},{"id":"minecraft:monster_egg","metadata":5,"translationKey":"tile.monsterStoneEgg.chiseledbrick","block":true},{"id":"minecraft:stonebrick","metadata":0,"translationKey":"tile.stonebricksmooth.default","block":true},{"id":"minecraft:stonebrick","metadata":1,"translationKey":"tile.stonebricksmooth.mossy","block":true},{"id":"minecraft:stonebrick","metadata":2,"translationKey":"tile.stonebricksmooth.cracked","block":true},{"id":"minecraft:stonebrick","metadata":3,"translationKey":"tile.stonebricksmooth.chiseled","block":true},{"id":"minecraft:brown_mushroom_block","metadata":0,"translationKey":"tile.mushroom","block":true},{"id":"minecraft:red_mushroom_block","metadata":0,"translationKey":"tile.mushroom","block":true},{"id":"minecraft:iron_bars","metadata":0,"translationKey":"tile.fenceIron","block":true},{"id":"minecraft:glass_pane","metadata":0,"translationKey":"tile.thinGlass","block":true},{"id":"minecraft:melon_block","metadata":0,"translationKey":"tile.melon","block":true},{"id":"minecraft:vine","metadata":0,"translationKey":"tile.vine","block":true},{"id":"minecraft:fence_gate","metadata":0,"translationKey":"tile.fenceGate","block":true},{"id":"minecraft:brick_stairs","metadata":0,"translationKey":"tile.stairsBrick","block":true},{"id":"minecraft:stone_brick_stairs","metadata":0,"translationKey":"tile.stairsStoneBrickSmooth","block":true},{"id":"minecraft:mycelium","metadata":0,"translationKey":"tile.mycel","block":true},{"id":"minecraft:waterlily","metadata":0,"translationKey":"tile.waterlily","block":true},{"id":"minecraft:nether_brick","metadata":0,"translationKey":"tile.netherBrick","block":true},{"id":"minecraft:nether_brick_fence","metadata":0,"translationKey":"tile.netherFence","block":true},{"id":"minecraft:nether_brick_stairs","metadata":0,"translationKey":"tile.stairsNetherBrick","block":true},{"id":"minecraft:enchanting_table","metadata":0,"translationKey":"tile.enchantmentTable","block":true},{"id":"minecraft:end_portal_frame","metadata":0,"translationKey":"tile.endPortalFrame","block":true},{"id":"minecraft:end_stone","metadata":0,"translationKey":"tile.whiteStone","block":true},{"id":"minecraft:dragon_egg","metadata":0,"translationKey":"tile.dragonEgg","block":true},{"id":"minecraft:redstone_lamp","metadata":0,"translationKey":"tile.redstoneLight","block":true},{"id":"minecraft:wooden_slab","metadata":0,"translationKey":"tile.woodSlab.oak","block":true},{"id":"minecraft:wooden_slab","metadata":1,"translationKey":"tile.woodSlab.spruce","block":true},{"id":"minecraft:wooden_slab","metadata":2,"translationKey":"tile.woodSlab.birch","block":true},{"id":"minecraft:wooden_slab","metadata":3,"translationKey":"tile.woodSlab.jungle","block":true},{"id":"minecraft:wooden_slab","metadata":4,"translationKey":"tile.woodSlab.acacia","block":true},{"id":"minecraft:wooden_slab","metadata":5,"translationKey":"tile.woodSlab.big_oak","block":true},{"id":"minecraft:sandstone_stairs","metadata":0,"translationKey":"tile.stairsSandStone","block":true},{"id":"minecraft:emerald_ore","metadata":0,"translationKey":"tile.oreEmerald","block":true},{"id":"minecraft:ender_chest","metadata":0,"translationKey":"tile.enderChest","block":true},{"id":"minecraft:tripwire_hook","metadata":0,"translationKey":"tile.tripWireSource","block":true},{"id":"minecraft:emerald_block","metadata":0,"translationKey":"tile.blockEmerald","block":true},{"id":"minecraft:spruce_stairs","metadata":0,"translationKey":"tile.stairsWoodSpruce","block":true},{"id":"minecraft:birch_stairs","metadata":0,"translationKey":"tile.stairsWoodBirch","block":true},{"id":"minecraft:jungle_stairs","metadata":0,"translationKey":"tile.stairsWoodJungle","block":true},{"id":"minecraft:command_block","metadata":0,"translationKey":"tile.commandBlock","block":true},{"id":"minecraft:beacon","metadata":0,"translationKey":"tile.beacon","block":true},{"id":"minecraft:cobblestone_wall","metadata":0,"translationKey":"tile.cobbleWall.normal","block":true},{"id":"minecraft:cobblestone_wall","metadata":1,"translationKey":"tile.cobbleWall.mossy","block":true},{"id":"minecraft:wooden_button","metadata":0,"translationKey":"tile.button","block":true},{"id":"minecraft:anvil","metadata":0,"translationKey":"tile.anvil.intact","block":true},{"id":"minecraft:anvil","metadata":1,"translationKey":"tile.anvil.slightlyDamaged","block":true},{"id":"minecraft:anvil","metadata":2,"translationKey":"tile.anvil.veryDamaged","block":true},{"id":"minecraft:trapped_chest","metadata":0,"translationKey":"tile.chestTrap","block":true},{"id":"minecraft:light_weighted_pressure_plate","metadata":0,"translationKey":"tile.weightedPlate_light","block":true},{"id":"minecraft:heavy_weighted_pressure_plate","metadata":0,"translationKey":"tile.weightedPlate_heavy","block":true},{"id":"minecraft:daylight_detector","metadata":0,"translationKey":"tile.daylightDetector","block":true},{"id":"minecraft:redstone_block","metadata":0,"translationKey":"tile.blockRedstone","block":true},{"id":"minecraft:quartz_ore","metadata":0,"translationKey":"tile.netherquartz","block":true},{"id":"minecraft:hopper","metadata":0,"translationKey":"tile.hopper","block":true},{"id":"minecraft:quartz_block","metadata":0,"translationKey":"tile.quartzBlock.default","block":true},{"id":"minecraft:quartz_block","metadata":1,"translationKey":"tile.quartzBlock.chiseled","block":true},{"id":"minecraft:quartz_block","metadata":2,"translationKey":"tile.quartzBlock.lines","block":true},{"id":"minecraft:quartz_stairs","metadata":0,"translationKey":"tile.stairsQuartz","block":true},{"id":"minecraft:activator_rail","metadata":0,"translationKey":"tile.activatorRail","block":true},{"id":"minecraft:dropper","metadata":0,"translationKey":"tile.dropper","block":true},{"id":"minecraft:stained_hardened_clay","metadata":0,"translationKey":"tile.clayHardenedStained.white","block":true},{"id":"minecraft:stained_hardened_clay","metadata":1,"translationKey":"tile.clayHardenedStained.orange","block":true},{"id":"minecraft:stained_hardened_clay","metadata":2,"translationKey":"tile.clayHardenedStained.magenta","block":true},{"id":"minecraft:stained_hardened_clay","metadata":3,"translationKey":"tile.clayHardenedStained.lightBlue","block":true},{"id":"minecraft:stained_hardened_clay","metadata":4,"translationKey":"tile.clayHardenedStained.yellow","block":true},{"id":"minecraft:stained_hardened_clay","metadata":5,"translationKey":"tile.clayHardenedStained.lime","block":true},{"id":"minecraft:stained_hardened_clay","metadata":6,"translationKey":"tile.clayHardenedStained.pink","block":true},{"id":"minecraft:stained_hardened_clay","metadata":7,"translationKey":"tile.clayHardenedStained.gray","block":true},{"id":"minecraft:stained_hardened_clay","metadata":8,"translationKey":"tile.clayHardenedStained.silver","block":true},{"id":"minecraft:stained_hardened_clay","metadata":9,"translationKey":"tile.clayHardenedStained.cyan","block":true},{"id":"minecraft:stained_hardened_clay","metadata":10,"translationKey":"tile.clayHardenedStained.purple","block":true},{"id":"minecraft:stained_hardened_clay","metadata":11,"translationKey":"tile.clayHardenedStained.blue","block":true},{"id":"minecraft:stained_hardened_clay","metadata":12,"translationKey":"tile.clayHardenedStained.brown","block":true},{"id":"minecraft:stained_hardened_clay","metadata":13,"translationKey":"tile.clayHardenedStained.green","block":true},{"id":"minecraft:stained_hardened_clay","metadata":14,"translationKey":"tile.clayHardenedStained.red","block":true},{"id":"minecraft:stained_hardened_clay","metadata":15,"translationKey":"tile.clayHardenedStained.black","block":true},{"id":"minecraft:stained_glass_pane","metadata":0,"translationKey":"tile.thinStainedGlass.white","block":true},{"id":"minecraft:stained_glass_pane","metadata":1,"translationKey":"tile.thinStainedGlass.orange","block":true},{"id":"minecraft:stained_glass_pane","metadata":2,"translationKey":"tile.thinStainedGlass.magenta","block":true},{"id":"minecraft:stained_glass_pane","metadata":3,"translationKey":"tile.thinStainedGlass.lightBlue","block":true},{"id":"minecraft:stained_glass_pane","metadata":4,"translationKey":"tile.thinStainedGlass.yellow","block":true},{"id":"minecraft:stained_glass_pane","metadata":5,"translationKey":"tile.thinStainedGlass.lime","block":true},{"id":"minecraft:stained_glass_pane","metadata":6,"translationKey":"tile.thinStainedGlass.pink","block":true},{"id":"minecraft:stained_glass_pane","metadata":7,"translationKey":"tile.thinStainedGlass.gray","block":true},{"id":"minecraft:stained_glass_pane","metadata":8,"translationKey":"tile.thinStainedGlass.silver","block":true},{"id":"minecraft:stained_glass_pane","metadata":9,"translationKey":"tile.thinStainedGlass.cyan","block":true},{"id":"minecraft:stained_glass_pane","metadata":10,"translationKey":"tile.thinStainedGlass.purple","block":true},{"id":"minecraft:stained_glass_pane","metadata":11,"translationKey":"tile.thinStainedGlass.blue","block":true},{"id":"minecraft:stained_glass_pane","metadata":12,"translationKey":"tile.thinStainedGlass.brown","block":true},{"id":"minecraft:stained_glass_pane","metadata":13,"translationKey":"tile.thinStainedGlass.green","block":true},{"id":"minecraft:stained_glass_pane","metadata":14,"translationKey":"tile.thinStainedGlass.red","block":true},{"id":"minecraft:stained_glass_pane","metadata":15,"translationKey":"tile.thinStainedGlass.black","block":true},{"id":"minecraft:leaves2","metadata":0,"translationKey":"tile.leaves.acacia","block":true},{"id":"minecraft:leaves2","metadata":1,"translationKey":"tile.leaves.big_oak","block":true},{"id":"minecraft:log2","metadata":0,"translationKey":"tile.log.acacia","block":true},{"id":"minecraft:log2","metadata":1,"translationKey":"tile.log.big_oak","block":true},{"id":"minecraft:acacia_stairs","metadata":0,"translationKey":"tile.stairsWoodAcacia","block":true},{"id":"minecraft:dark_oak_stairs","metadata":0,"translationKey":"tile.stairsWoodDarkOak","block":true},{"id":"minecraft:slime","metadata":0,"translationKey":"tile.slime","block":true},{"id":"minecraft:barrier","metadata":0,"translationKey":"tile.barrier","block":true},{"id":"minecraft:iron_trapdoor","metadata":0,"translationKey":"tile.ironTrapdoor","block":true},{"id":"minecraft:prismarine","metadata":0,"translationKey":"tile.prismarine.rough","block":true},{"id":"minecraft:prismarine","metadata":1,"translationKey":"tile.prismarine.bricks","block":true},{"id":"minecraft:prismarine","metadata":2,"translationKey":"tile.prismarine.dark","block":true},{"id":"minecraft:sea_lantern","metadata":0,"translationKey":"tile.seaLantern","block":true},{"id":"minecraft:hay_block","metadata":0,"translationKey":"tile.hayBlock","block":true},{"id":"minecraft:carpet","metadata":0,"translationKey":"tile.woolCarpet.white","block":true},{"id":"minecraft:carpet","metadata":1,"translationKey":"tile.woolCarpet.orange","block":true},{"id":"minecraft:carpet","metadata":2,"translationKey":"tile.woolCarpet.magenta","block":true},{"id":"minecraft:carpet","metadata":3,"translationKey":"tile.woolCarpet.lightBlue","block":true},{"id":"minecraft:carpet","metadata":4,"translationKey":"tile.woolCarpet.yellow","block":true},{"id":"minecraft:carpet","metadata":5,"translationKey":"tile.woolCarpet.lime","block":true},{"id":"minecraft:carpet","metadata":6,"translationKey":"tile.woolCarpet.pink","block":true},{"id":"minecraft:carpet","metadata":7,"translationKey":"tile.woolCarpet.gray","block":true},{"id":"minecraft:carpet","metadata":8,"translationKey":"tile.woolCarpet.silver","block":true},{"id":"minecraft:carpet","metadata":9,"translationKey":"tile.woolCarpet.cyan","block":true},{"id":"minecraft:carpet","metadata":10,"translationKey":"tile.woolCarpet.purple","block":true},{"id":"minecraft:carpet","metadata":11,"translationKey":"tile.woolCarpet.blue","block":true},{"id":"minecraft:carpet","metadata":12,"translationKey":"tile.woolCarpet.brown","block":true},{"id":"minecraft:carpet","metadata":13,"translationKey":"tile.woolCarpet.green","block":true},{"id":"minecraft:carpet","metadata":14,"translationKey":"tile.woolCarpet.red","block":true},{"id":"minecraft:carpet","metadata":15,"translationKey":"tile.woolCarpet.black","block":true},{"id":"minecraft:hardened_clay","metadata":0,"translationKey":"tile.clayHardened","block":true},{"id":"minecraft:coal_block","metadata":0,"translationKey":"tile.blockCoal","block":true},{"id":"minecraft:packed_ice","metadata":0,"translationKey":"tile.icePacked","block":true},{"id":"minecraft:double_plant","metadata":0,"translationKey":"tile.doublePlant.sunflower","block":true},{"id":"minecraft:double_plant","metadata":1,"translationKey":"tile.doublePlant.syringa","block":true},{"id":"minecraft:double_plant","metadata":2,"translationKey":"tile.doublePlant.grass","block":true},{"id":"minecraft:double_plant","metadata":3,"translationKey":"tile.doublePlant.fern","block":true},{"id":"minecraft:double_plant","metadata":4,"translationKey":"tile.doublePlant.rose","block":true},{"id":"minecraft:double_plant","metadata":5,"translationKey":"tile.doublePlant.paeonia","block":true},{"id":"minecraft:red_sandstone","metadata":0,"translationKey":"tile.redSandStone.default","block":true},{"id":"minecraft:red_sandstone","metadata":1,"translationKey":"tile.redSandStone.chiseled","block":true},{"id":"minecraft:red_sandstone","metadata":2,"translationKey":"tile.redSandStone.smooth","block":true},{"id":"minecraft:red_sandstone_stairs","metadata":0,"translationKey":"tile.stairsRedSandStone","block":true},{"id":"minecraft:stone_slab2","metadata":0,"translationKey":"tile.stoneSlab2.red_sandstone","block":true},{"id":"minecraft:spruce_fence_gate","metadata":0,"translationKey":"tile.spruceFenceGate","block":true},{"id":"minecraft:birch_fence_gate","metadata":0,"translationKey":"tile.birchFenceGate","block":true},{"id":"minecraft:jungle_fence_gate","metadata":0,"translationKey":"tile.jungleFenceGate","block":true},{"id":"minecraft:dark_oak_fence_gate","metadata":0,"translationKey":"tile.darkOakFenceGate","block":true},{"id":"minecraft:acacia_fence_gate","metadata":0,"translationKey":"tile.acaciaFenceGate","block":true},{"id":"minecraft:spruce_fence","metadata":0,"translationKey":"tile.spruceFence","block":true},{"id":"minecraft:birch_fence","metadata":0,"translationKey":"tile.birchFence","block":true},{"id":"minecraft:jungle_fence","metadata":0,"translationKey":"tile.jungleFence","block":true},{"id":"minecraft:dark_oak_fence","metadata":0,"translationKey":"tile.darkOakFence","block":true},{"id":"minecraft:acacia_fence","metadata":0,"translationKey":"tile.acaciaFence","block":true},{"id":"minecraft:end_rod","metadata":0,"translationKey":"tile.endRod","block":true},{"id":"minecraft:chorus_plant","metadata":0,"translationKey":"tile.chorusPlant","block":true},{"id":"minecraft:chorus_flower","metadata":0,"translationKey":"tile.chorusFlower","block":true},{"id":"minecraft:purpur_block","metadata":0,"translationKey":"tile.purpurBlock","block":true},{"id":"minecraft:purpur_pillar","metadata":0,"translationKey":"tile.purpurPillar","block":true},{"id":"minecraft:purpur_stairs","metadata":0,"translationKey":"tile.stairsPurpur","block":true},{"id":"minecraft:purpur_slab","metadata":0,"translationKey":"tile.purpurSlab","block":true},{"id":"minecraft:end_bricks","metadata":0,"translationKey":"tile.endBricks","block":true},{"id":"minecraft:grass_path","metadata":0,"translationKey":"tile.grassPath","block":true},{"id":"minecraft:repeating_command_block","metadata":0,"translationKey":"tile.repeatingCommandBlock","block":true},{"id":"minecraft:chain_command_block","metadata":0,"translationKey":"tile.chainCommandBlock","block":true},{"id":"minecraft:magma","metadata":0,"translationKey":"tile.magma","block":true},{"id":"minecraft:nether_wart_block","metadata":0,"translationKey":"tile.netherWartBlock","block":true},{"id":"minecraft:red_nether_brick","metadata":0,"translationKey":"tile.redNetherBrick","block":true},{"id":"minecraft:bone_block","metadata":0,"translationKey":"tile.boneBlock","block":true},{"id":"minecraft:structure_void","metadata":0,"translationKey":"tile.structureVoid","block":true},{"id":"minecraft:observer","metadata":0,"translationKey":"tile.observer","block":true},{"id":"minecraft:white_shulker_box","metadata":0,"translationKey":"tile.shulkerBoxWhite","block":true},{"id":"minecraft:orange_shulker_box","metadata":0,"translationKey":"tile.shulkerBoxOrange","block":true},{"id":"minecraft:magenta_shulker_box","metadata":0,"translationKey":"tile.shulkerBoxMagenta","block":true},{"id":"minecraft:light_blue_shulker_box","metadata":0,"translationKey":"tile.shulkerBoxLightBlue","block":true},{"id":"minecraft:yellow_shulker_box","metadata":0,"translationKey":"tile.shulkerBoxYellow","block":true},{"id":"minecraft:lime_shulker_box","metadata":0,"translationKey":"tile.shulkerBoxLime","block":true},{"id":"minecraft:pink_shulker_box","metadata":0,"translationKey":"tile.shulkerBoxPink","block":true},{"id":"minecraft:gray_shulker_box","metadata":0,"translationKey":"tile.shulkerBoxGray","block":true},{"id":"minecraft:silver_shulker_box","metadata":0,"translationKey":"tile.shulkerBoxSilver","block":true},{"id":"minecraft:cyan_shulker_box","metadata":0,"translationKey":"tile.shulkerBoxCyan","block":true},{"id":"minecraft:purple_shulker_box","metadata":0,"translationKey":"tile.shulkerBoxPurple","block":true},{"id":"minecraft:blue_shulker_box","metadata":0,"translationKey":"tile.shulkerBoxBlue","block":true},{"id":"minecraft:brown_shulker_box","metadata":0,"translationKey":"tile.shulkerBoxBrown","block":true},{"id":"minecraft:green_shulker_box","metadata":0,"translationKey":"tile.shulkerBoxGreen","block":true},{"id":"minecraft:red_shulker_box","metadata":0,"translationKey":"tile.shulkerBoxRed","block":true},{"id":"minecraft:black_shulker_box","metadata":0,"translationKey":"tile.shulkerBoxBlack","block":true},{"id":"minecraft:white_glazed_terracotta","metadata":0,"translationKey":"tile.glazedTerracottaWhite","block":true},{"id":"minecraft:orange_glazed_terracotta","metadata":0,"translationKey":"tile.glazedTerracottaOrange","block":true},{"id":"minecraft:magenta_glazed_terracotta","metadata":0,"translationKey":"tile.glazedTerracottaMagenta","block":true},{"id":"minecraft:light_blue_glazed_terracotta","metadata":0,"translationKey":"tile.glazedTerracottaLightBlue","block":true},{"id":"minecraft:yellow_glazed_terracotta","metadata":0,"translationKey":"tile.glazedTerracottaYellow","block":true},{"id":"minecraft:lime_glazed_terracotta","metadata":0,"translationKey":"tile.glazedTerracottaLime","block":true},{"id":"minecraft:pink_glazed_terracotta","metadata":0,"translationKey":"tile.glazedTerracottaPink","block":true},{"id":"minecraft:gray_glazed_terracotta","metadata":0,"translationKey":"tile.glazedTerracottaGray","block":true},{"id":"minecraft:silver_glazed_terracotta","metadata":0,"translationKey":"tile.glazedTerracottaSilver","block":true},{"id":"minecraft:cyan_glazed_terracotta","metadata":0,"translationKey":"tile.glazedTerracottaCyan","block":true},{"id":"minecraft:purple_glazed_terracotta","metadata":0,"translationKey":"tile.glazedTerracottaPurple","block":true},{"id":"minecraft:blue_glazed_terracotta","metadata":0,"translationKey":"tile.glazedTerracottaBlue","block":true},{"id":"minecraft:brown_glazed_terracotta","metadata":0,"translationKey":"tile.glazedTerracottaBrown","block":true},{"id":"minecraft:green_glazed_terracotta","metadata":0,"translationKey":"tile.glazedTerracottaGreen","block":true},{"id":"minecraft:red_glazed_terracotta","metadata":0,"translationKey":"tile.glazedTerracottaRed","block":true},{"id":"minecraft:black_glazed_terracotta","metadata":0,"translationKey":"tile.glazedTerracottaBlack","block":true},{"id":"minecraft:concrete","metadata":0,"translationKey":"tile.concrete.white","block":true},{"id":"minecraft:concrete","metadata":1,"translationKey":"tile.concrete.orange","block":true},{"id":"minecraft:concrete","metadata":2,"translationKey":"tile.concrete.magenta","block":true},{"id":"minecraft:concrete","metadata":3,"translationKey":"tile.concrete.lightBlue","block":true},{"id":"minecraft:concrete","metadata":4,"translationKey":"tile.concrete.yellow","block":true},{"id":"minecraft:concrete","metadata":5,"translationKey":"tile.concrete.lime","block":true},{"id":"minecraft:concrete","metadata":6,"translationKey":"tile.concrete.pink","block":true},{"id":"minecraft:concrete","metadata":7,"translationKey":"tile.concrete.gray","block":true},{"id":"minecraft:concrete","metadata":8,"translationKey":"tile.concrete.silver","block":true},{"id":"minecraft:concrete","metadata":9,"translationKey":"tile.concrete.cyan","block":true},{"id":"minecraft:concrete","metadata":10,"translationKey":"tile.concrete.purple","block":true},{"id":"minecraft:concrete","metadata":11,"translationKey":"tile.concrete.blue","block":true},{"id":"minecraft:concrete","metadata":12,"translationKey":"tile.concrete.brown","block":true},{"id":"minecraft:concrete","metadata":13,"translationKey":"tile.concrete.green","block":true},{"id":"minecraft:concrete","metadata":14,"translationKey":"tile.concrete.red","block":true},{"id":"minecraft:concrete","metadata":15,"translationKey":"tile.concrete.black","block":true},{"id":"minecraft:concrete_powder","metadata":0,"translationKey":"tile.concretePowder.white","block":true},{"id":"minecraft:concrete_powder","metadata":1,"translationKey":"tile.concretePowder.orange","block":true},{"id":"minecraft:concrete_powder","metadata":2,"translationKey":"tile.concretePowder.magenta","block":true},{"id":"minecraft:concrete_powder","metadata":3,"translationKey":"tile.concretePowder.lightBlue","block":true},{"id":"minecraft:concrete_powder","metadata":4,"translationKey":"tile.concretePowder.yellow","block":true},{"id":"minecraft:concrete_powder","metadata":5,"translationKey":"tile.concretePowder.lime","block":true},{"id":"minecraft:concrete_powder","metadata":6,"translationKey":"tile.concretePowder.pink","block":true},{"id":"minecraft:concrete_powder","metadata":7,"translationKey":"tile.concretePowder.gray","block":true},{"id":"minecraft:concrete_powder","metadata":8,"translationKey":"tile.concretePowder.silver","block":true},{"id":"minecraft:concrete_powder","metadata":9,"translationKey":"tile.concretePowder.cyan","block":true},{"id":"minecraft:concrete_powder","metadata":10,"translationKey":"tile.concretePowder.purple","block":true},{"id":"minecraft:concrete_powder","metadata":11,"translationKey":"tile.concretePowder.blue","block":true},{"id":"minecraft:concrete_powder","metadata":12,"translationKey":"tile.concretePowder.brown","block":true},{"id":"minecraft:concrete_powder","metadata":13,"translationKey":"tile.concretePowder.green","block":true},{"id":"minecraft:concrete_powder","metadata":14,"translationKey":"tile.concretePowder.red","block":true},{"id":"minecraft:concrete_powder","metadata":15,"translationKey":"tile.concretePowder.black","block":true},{"id":"minecraft:structure_block","metadata":0,"translationKey":"tile.structureBlock","block":true},{"id":"minecraft:iron_shovel","metadata":0,"translationKey":"item.shovelIron","block":false},{"id":"minecraft:iron_pickaxe","metadata":0,"translationKey":"item.pickaxeIron","block":false},{"id":"minecraft:iron_axe","metadata":0,"translationKey":"item.hatchetIron","block":false},{"id":"minecraft:flint_and_steel","metadata":0,"translationKey":"item.flintAndSteel","block":false},{"id":"minecraft:apple","metadata":0,"translationKey":"item.minecraft:apple","block":false},{"id":"minecraft:bow","metadata":0,"translationKey":"item.bow","block":false},{"id":"minecraft:arrow","metadata":0,"translationKey":"item.arrow","block":false},{"id":"minecraft:coal","metadata":0,"translationKey":"item.coal","block":false},{"id":"minecraft:coal","metadata":1,"translationKey":"item.charcoal","block":false},{"id":"minecraft:diamond","metadata":0,"translationKey":"item.diamond","block":false},{"id":"minecraft:iron_ingot","metadata":0,"translationKey":"item.ingotIron","block":false},{"id":"minecraft:gold_ingot","metadata":0,"translationKey":"item.ingotGold","block":false},{"id":"minecraft:iron_sword","metadata":0,"translationKey":"item.swordIron","block":false},{"id":"minecraft:wooden_sword","metadata":0,"translationKey":"item.swordWood","block":false},{"id":"minecraft:wooden_shovel","metadata":0,"translationKey":"item.shovelWood","block":false},{"id":"minecraft:wooden_pickaxe","metadata":0,"translationKey":"item.pickaxeWood","block":false},{"id":"minecraft:wooden_axe","metadata":0,"translationKey":"item.hatchetWood","block":false},{"id":"minecraft:stone_sword","metadata":0,"translationKey":"item.swordStone","block":false},{"id":"minecraft:stone_shovel","metadata":0,"translationKey":"item.shovelStone","block":false},{"id":"minecraft:stone_pickaxe","metadata":0,"translationKey":"item.pickaxeStone","block":false},{"id":"minecraft:stone_axe","metadata":0,"translationKey":"item.hatchetStone","block":false},{"id":"minecraft:diamond_sword","metadata":0,"translationKey":"item.swordDiamond","block":false},{"id":"minecraft:diamond_shovel","metadata":0,"translationKey":"item.shovelDiamond","block":false},{"id":"minecraft:diamond_pickaxe","metadata":0,"translationKey":"item.pickaxeDiamond","block":false},{"id":"minecraft:diamond_axe","metadata":0,"translationKey":"item.hatchetDiamond","block":false},{"id":"minecraft:stick","metadata":0,"translationKey":"item.stick","block":false},{"id":"minecraft:bowl","metadata":0,"translationKey":"item.bowl","block":false},{"id":"minecraft:mushroom_stew","metadata":0,"translationKey":"item.minecraft:mushroom_stew","block":false},{"id":"minecraft:golden_sword","metadata":0,"translationKey":"item.swordGold","block":false},{"id":"minecraft:golden_shovel","metadata":0,"translationKey":"item.shovelGold","block":false},{"id":"minecraft:golden_pickaxe","metadata":0,"translationKey":"item.pickaxeGold","block":false},{"id":"minecraft:golden_axe","metadata":0,"translationKey":"item.hatchetGold","block":false},{"id":"minecraft:string","metadata":0,"translationKey":"item.string","block":false},{"id":"minecraft:feather","metadata":0,"translationKey":"item.feather","block":false},{"id":"minecraft:gunpowder","metadata":0,"translationKey":"item.sulphur","block":false},{"id":"minecraft:wooden_hoe","metadata":0,"translationKey":"item.hoeWood","block":false},{"id":"minecraft:stone_hoe","metadata":0,"translationKey":"item.hoeStone","block":false},{"id":"minecraft:iron_hoe","metadata":0,"translationKey":"item.hoeIron","block":false},{"id":"minecraft:diamond_hoe","metadata":0,"translationKey":"item.hoeDiamond","block":false},{"id":"minecraft:golden_hoe","metadata":0,"translationKey":"item.hoeGold","block":false},{"id":"minecraft:wheat_seeds","metadata":0,"translationKey":"item.seeds","block":false},{"id":"minecraft:wheat","metadata":0,"translationKey":"item.minecraft:wheat","block":false},{"id":"minecraft:bread","metadata":0,"translationKey":"item.minecraft:bread","block":false},{"id":"minecraft:leather_helmet","metadata":0,"translationKey":"item.helmetCloth","block":false},{"id":"minecraft:leather_chestplate","metadata":0,"translationKey":"item.chestplateCloth","block":false},{"id":"minecraft:leather_leggings","metadata":0,"translationKey":"item.leggingsCloth","block":false},{"id":"minecraft:leather_boots","metadata":0,"translationKey":"item.bootsCloth","block":false},{"id":"minecraft:chainmail_helmet","metadata":0,"translationKey":"item.helmetChain","block":false},{"id":"minecraft:chainmail_chestplate","metadata":0,"translationKey":"item.chestplateChain","block":false},{"id":"minecraft:chainmail_leggings","metadata":0,"translationKey":"item.leggingsChain","block":false},{"id":"minecraft:chainmail_boots","metadata":0,"translationKey":"item.bootsChain","block":false},{"id":"minecraft:iron_helmet","metadata":0,"translationKey":"item.helmetIron","block":false},{"id":"minecraft:iron_chestplate","metadata":0,"translationKey":"item.chestplateIron","block":false},{"id":"minecraft:iron_leggings","metadata":0,"translationKey":"item.leggingsIron","block":false},{"id":"minecraft:iron_boots","metadata":0,"translationKey":"item.bootsIron","block":false},{"id":"minecraft:diamond_helmet","metadata":0,"translationKey":"item.helmetDiamond","block":false},{"id":"minecraft:diamond_chestplate","metadata":0,"translationKey":"item.chestplateDiamond","block":false},{"id":"minecraft:diamond_leggings","metadata":0,"translationKey":"item.leggingsDiamond","block":false},{"id":"minecraft:diamond_boots","metadata":0,"translationKey":"item.bootsDiamond","block":false},{"id":"minecraft:golden_helmet","metadata":0,"translationKey":"item.helmetGold","block":false},{"id":"minecraft:golden_chestplate","metadata":0,"translationKey":"item.chestplateGold","block":false},{"id":"minecraft:golden_leggings","metadata":0,"translationKey":"item.leggingsGold","block":false},{"id":"minecraft:golden_boots","metadata":0,"translationKey":"item.bootsGold","block":false},{"id":"minecraft:flint","metadata":0,"translationKey":"item.flint","block":false},{"id":"minecraft:porkchop","metadata":0,"translationKey":"item.minecraft:porkchop","block":false},{"id":"minecraft:cooked_porkchop","metadata":0,"translationKey":"item.minecraft:cooked_porkchop","block":false},{"id":"minecraft:painting","metadata":0,"translationKey":"item.painting","block":false},{"id":"minecraft:golden_apple","metadata":0,"translationKey":"item.appleGold","block":false},{"id":"minecraft:golden_apple","metadata":1,"translationKey":"item.appleGold","block":false},{"id":"minecraft:sign","metadata":0,"translationKey":"item.sign","block":false},{"id":"minecraft:wooden_door","metadata":0,"translationKey":"item.doorOak","block":false},{"id":"minecraft:bucket","metadata":0,"translationKey":"item.bucket","block":false},{"id":"minecraft:water_bucket","metadata":0,"translationKey":"item.bucketWater","block":false},{"id":"minecraft:lava_bucket","metadata":0,"translationKey":"item.bucketLava","block":false},{"id":"minecraft:minecart","metadata":0,"translationKey":"item.minecart","block":false},{"id":"minecraft:saddle","metadata":0,"translationKey":"item.saddle","block":false},{"id":"minecraft:iron_door","metadata":0,"translationKey":"item.doorIron","block":false},{"id":"minecraft:redstone","metadata":0,"translationKey":"item.redstone","block":false},{"id":"minecraft:snowball","metadata":0,"translationKey":"item.snowball","block":false},{"id":"minecraft:boat","metadata":0,"translationKey":"item.boat.oak","block":false},{"id":"minecraft:leather","metadata":0,"translationKey":"item.leather","block":false},{"id":"minecraft:milk_bucket","metadata":0,"translationKey":"item.milk","block":false},{"id":"minecraft:brick","metadata":0,"translationKey":"item.brick","block":false},{"id":"minecraft:clay_ball","metadata":0,"translationKey":"item.clay","block":false},{"id":"minecraft:reeds","metadata":0,"translationKey":"item.reeds","block":false},{"id":"minecraft:paper","metadata":0,"translationKey":"item.paper","block":false},{"id":"minecraft:book","metadata":0,"translationKey":"item.book","block":false},{"id":"minecraft:slime_ball","metadata":0,"translationKey":"item.slimeball","block":false},{"id":"minecraft:chest_minecart","metadata":0,"translationKey":"item.minecartChest","block":false},{"id":"minecraft:furnace_minecart","metadata":0,"translationKey":"item.minecartFurnace","block":false},{"id":"minecraft:egg","metadata":0,"translationKey":"item.egg","block":false},{"id":"minecraft:compass","metadata":0,"translationKey":"item.compass","block":false},{"id":"minecraft:fishing_rod","metadata":0,"translationKey":"item.fishingRod","block":false},{"id":"minecraft:clock","metadata":0,"translationKey":"item.clock","block":false},{"id":"minecraft:glowstone_dust","metadata":0,"translationKey":"item.yellowDust","block":false},{"id":"minecraft:fish","metadata":0,"translationKey":"item.fish.cod.raw","block":false},{"id":"minecraft:fish","metadata":1,"translationKey":"item.fish.salmon.raw","block":false},{"id":"minecraft:fish","metadata":2,"translationKey":"item.fish.clownfish.raw","block":false},{"id":"minecraft:fish","metadata":3,"translationKey":"item.fish.pufferfish.raw","block":false},{"id":"minecraft:cooked_fish","metadata":0,"translationKey":"item.fish.cod.cooked","block":false},{"id":"minecraft:cooked_fish","metadata":1,"translationKey":"item.fish.salmon.cooked","block":false},{"id":"minecraft:dye","metadata":0,"translationKey":"item.dyePowder.black","block":false},{"id":"minecraft:dye","metadata":1,"translationKey":"item.dyePowder.red","block":false},{"id":"minecraft:dye","metadata":2,"translationKey":"item.dyePowder.green","block":false},{"id":"minecraft:dye","metadata":3,"translationKey":"item.dyePowder.brown","block":false},{"id":"minecraft:dye","metadata":4,"translationKey":"item.dyePowder.blue","block":false},{"id":"minecraft:dye","metadata":5,"translationKey":"item.dyePowder.purple","block":false},{"id":"minecraft:dye","metadata":6,"translationKey":"item.dyePowder.cyan","block":false},{"id":"minecraft:dye","metadata":7,"translationKey":"item.dyePowder.silver","block":false},{"id":"minecraft:dye","metadata":8,"translationKey":"item.dyePowder.gray","block":false},{"id":"minecraft:dye","metadata":9,"translationKey":"item.dyePowder.pink","block":false},{"id":"minecraft:dye","metadata":10,"translationKey":"item.dyePowder.lime","block":false},{"id":"minecraft:dye","metadata":11,"translationKey":"item.dyePowder.yellow","block":false},{"id":"minecraft:dye","metadata":12,"translationKey":"item.dyePowder.lightBlue","block":false},{"id":"minecraft:dye","metadata":13,"translationKey":"item.dyePowder.magenta","block":false},{"id":"minecraft:dye","metadata":14,"translationKey":"item.dyePowder.orange","block":false},{"id":"minecraft:dye","metadata":15,"translationKey":"item.dyePowder.white","block":false},{"id":"minecraft:bone","metadata":0,"translationKey":"item.bone","block":false},{"id":"minecraft:sugar","metadata":0,"translationKey":"item.sugar","block":false},{"id":"minecraft:cake","metadata":0,"translationKey":"item.cake","block":false},{"id":"minecraft:bed","metadata":0,"translationKey":"item.bed.white","block":false},{"id":"minecraft:bed","metadata":1,"translationKey":"item.bed.orange","block":false},{"id":"minecraft:bed","metadata":2,"translationKey":"item.bed.magenta","block":false},{"id":"minecraft:bed","metadata":3,"translationKey":"item.bed.lightBlue","block":false},{"id":"minecraft:bed","metadata":4,"translationKey":"item.bed.yellow","block":false},{"id":"minecraft:bed","metadata":5,"translationKey":"item.bed.lime","block":false},{"id":"minecraft:bed","metadata":6,"translationKey":"item.bed.pink","block":false},{"id":"minecraft:bed","metadata":7,"translationKey":"item.bed.gray","block":false},{"id":"minecraft:bed","metadata":8,"translationKey":"item.bed.silver","block":false},{"id":"minecraft:bed","metadata":9,"translationKey":"item.bed.cyan","block":false},{"id":"minecraft:bed","metadata":10,"translationKey":"item.bed.purple","block":false},{"id":"minecraft:bed","metadata":11,"translationKey":"item.bed.blue","block":false},{"id":"minecraft:bed","metadata":12,"translationKey":"item.bed.brown","block":false},{"id":"minecraft:bed","metadata":13,"translationKey":"item.bed.green","block":false},{"id":"minecraft:bed","metadata":14,"translationKey":"item.bed.red","block":false},{"id":"minecraft:bed","metadata":15,"translationKey":"item.bed.black","block":false},{"id":"minecraft:repeater","metadata":0,"translationKey":"item.diode","block":false},{"id":"minecraft:cookie","metadata":0,"translationKey":"item.minecraft:cookie","block":false},{"id":"minecraft:filled_map","metadata":0,"translationKey":"item.map","block":false},{"id":"minecraft:shears","metadata":0,"translationKey":"item.shears","block":false},{"id":"minecraft:melon","metadata":0,"translationKey":"item.minecraft:melon","block":false},{"id":"minecraft:pumpkin_seeds","metadata":0,"translationKey":"item.seeds_pumpkin","block":false},{"id":"minecraft:melon_seeds","metadata":0,"translationKey":"item.seeds_melon","block":false},{"id":"minecraft:beef","metadata":0,"translationKey":"item.minecraft:beef","block":false},{"id":"minecraft:cooked_beef","metadata":0,"translationKey":"item.minecraft:cooked_beef","block":false},{"id":"minecraft:chicken","metadata":0,"translationKey":"item.minecraft:chicken","block":false},{"id":"minecraft:cooked_chicken","metadata":0,"translationKey":"item.minecraft:cooked_chicken","block":false},{"id":"minecraft:rotten_flesh","metadata":0,"translationKey":"item.rottenFlesh","block":false},{"id":"minecraft:ender_pearl","metadata":0,"translationKey":"item.enderPearl","block":false},{"id":"minecraft:blaze_rod","metadata":0,"translationKey":"item.blazeRod","block":false},{"id":"minecraft:ghast_tear","metadata":0,"translationKey":"item.ghastTear","block":false},{"id":"minecraft:gold_nugget","metadata":0,"translationKey":"item.goldNugget","block":false},{"id":"minecraft:nether_wart","metadata":0,"translationKey":"item.netherStalkSeeds","block":false},{"id":"minecraft:potion","metadata":0,"translationKey":"item.potion","block":false},{"id":"minecraft:glass_bottle","metadata":0,"translationKey":"item.glassBottle","block":false},{"id":"minecraft:spider_eye","metadata":0,"translationKey":"item.spiderEye","block":false},{"id":"minecraft:fermented_spider_eye","metadata":0,"translationKey":"item.fermentedSpiderEye","block":false},{"id":"minecraft:blaze_powder","metadata":0,"translationKey":"item.blazePowder","block":false},{"id":"minecraft:magma_cream","metadata":0,"translationKey":"item.magmaCream","block":false},{"id":"minecraft:brewing_stand","metadata":0,"translationKey":"item.brewingStand","block":false},{"id":"minecraft:cauldron","metadata":0,"translationKey":"item.cauldron","block":false},{"id":"minecraft:ender_eye","metadata":0,"translationKey":"item.eyeOfEnder","block":false},{"id":"minecraft:speckled_melon","metadata":0,"translationKey":"item.speckledMelon","block":false},{"id":"minecraft:spawn_egg","metadata":0,"translationKey":"item.monsterPlacer","block":false},{"id":"minecraft:experience_bottle","metadata":0,"translationKey":"item.expBottle","block":false},{"id":"minecraft:fire_charge","metadata":0,"translationKey":"item.fireball","block":false},{"id":"minecraft:writable_book","metadata":0,"translationKey":"item.writingBook","block":false},{"id":"minecraft:written_book","metadata":0,"translationKey":"item.writtenBook","block":false},{"id":"minecraft:emerald","metadata":0,"translationKey":"item.emerald","block":false},{"id":"minecraft:item_frame","metadata":0,"translationKey":"item.frame","block":false},{"id":"minecraft:flower_pot","metadata":0,"translationKey":"item.flowerPot","block":false},{"id":"minecraft:carrot","metadata":0,"translationKey":"item.minecraft:carrot","block":false},{"id":"minecraft:potato","metadata":0,"translationKey":"item.minecraft:potato","block":false},{"id":"minecraft:baked_potato","metadata":0,"translationKey":"item.minecraft:baked_potato","block":false},{"id":"minecraft:poisonous_potato","metadata":0,"translationKey":"item.potatoPoisonous","block":false},{"id":"minecraft:map","metadata":0,"translationKey":"item.emptyMap","block":false},{"id":"minecraft:golden_carrot","metadata":0,"translationKey":"item.carrotGolden","block":false},{"id":"minecraft:skull","metadata":0,"translationKey":"item.skull.skeleton","block":false},{"id":"minecraft:skull","metadata":1,"translationKey":"item.skull.wither","block":false},{"id":"minecraft:skull","metadata":2,"translationKey":"item.skull.zombie","block":false},{"id":"minecraft:skull","metadata":3,"translationKey":"item.skull.char","block":false},{"id":"minecraft:skull","metadata":4,"translationKey":"item.skull.creeper","block":false},{"id":"minecraft:skull","metadata":5,"translationKey":"item.skull.dragon","block":false},{"id":"minecraft:carrot_on_a_stick","metadata":0,"translationKey":"item.carrotOnAStick","block":false},{"id":"minecraft:nether_star","metadata":0,"translationKey":"item.netherStar","block":false},{"id":"minecraft:pumpkin_pie","metadata":0,"translationKey":"item.minecraft:pumpkin_pie","block":false},{"id":"minecraft:fireworks","metadata":0,"translationKey":"item.fireworks","block":false},{"id":"minecraft:firework_charge","metadata":0,"translationKey":"item.fireworksCharge","block":false},{"id":"minecraft:enchanted_book","metadata":0,"translationKey":"item.enchantedBook","block":false},{"id":"minecraft:comparator","metadata":0,"translationKey":"item.comparator","block":false},{"id":"minecraft:netherbrick","metadata":0,"translationKey":"item.netherbrick","block":false},{"id":"minecraft:quartz","metadata":0,"translationKey":"item.netherquartz","block":false},{"id":"minecraft:tnt_minecart","metadata":0,"translationKey":"item.minecartTnt","block":false},{"id":"minecraft:hopper_minecart","metadata":0,"translationKey":"item.minecartHopper","block":false},{"id":"minecraft:prismarine_shard","metadata":0,"translationKey":"item.prismarineShard","block":false},{"id":"minecraft:prismarine_crystals","metadata":0,"translationKey":"item.prismarineCrystals","block":false},{"id":"minecraft:rabbit","metadata":0,"translationKey":"item.minecraft:rabbit","block":false},{"id":"minecraft:cooked_rabbit","metadata":0,"translationKey":"item.minecraft:cooked_rabbit","block":false},{"id":"minecraft:rabbit_stew","metadata":0,"translationKey":"item.minecraft:rabbit_stew","block":false},{"id":"minecraft:rabbit_foot","metadata":0,"translationKey":"item.rabbitFoot","block":false},{"id":"minecraft:rabbit_hide","metadata":0,"translationKey":"item.rabbitHide","block":false},{"id":"minecraft:armor_stand","metadata":0,"translationKey":"item.armorStand","block":false},{"id":"minecraft:iron_horse_armor","metadata":0,"translationKey":"item.horsearmormetal","block":false},{"id":"minecraft:golden_horse_armor","metadata":0,"translationKey":"item.horsearmorgold","block":false},{"id":"minecraft:diamond_horse_armor","metadata":0,"translationKey":"item.horsearmordiamond","block":false},{"id":"minecraft:lead","metadata":0,"translationKey":"item.leash","block":false},{"id":"minecraft:name_tag","metadata":0,"translationKey":"item.nameTag","block":false},{"id":"minecraft:command_block_minecart","metadata":0,"translationKey":"item.minecartCommandBlock","block":false},{"id":"minecraft:mutton","metadata":0,"translationKey":"item.minecraft:mutton","block":false},{"id":"minecraft:cooked_mutton","metadata":0,"translationKey":"item.minecraft:cooked_mutton","block":false},{"id":"minecraft:banner","metadata":15,"translationKey":"tile.banner","block":true},{"id":"minecraft:banner","metadata":14,"translationKey":"tile.banner","block":true},{"id":"minecraft:banner","metadata":13,"translationKey":"tile.banner","block":true},{"id":"minecraft:banner","metadata":12,"translationKey":"tile.banner","block":true},{"id":"minecraft:banner","metadata":11,"translationKey":"tile.banner","block":true},{"id":"minecraft:banner","metadata":10,"translationKey":"tile.banner","block":true},{"id":"minecraft:banner","metadata":9,"translationKey":"tile.banner","block":true},{"id":"minecraft:banner","metadata":8,"translationKey":"tile.banner","block":true},{"id":"minecraft:banner","metadata":7,"translationKey":"tile.banner","block":true},{"id":"minecraft:banner","metadata":6,"translationKey":"tile.banner","block":true},{"id":"minecraft:banner","metadata":5,"translationKey":"tile.banner","block":true},{"id":"minecraft:banner","metadata":4,"translationKey":"tile.banner","block":true},{"id":"minecraft:banner","metadata":3,"translationKey":"tile.banner","block":true},{"id":"minecraft:banner","metadata":2,"translationKey":"tile.banner","block":true},{"id":"minecraft:banner","metadata":1,"translationKey":"tile.banner","block":true},{"id":"minecraft:banner","metadata":0,"translationKey":"tile.banner","block":true},{"id":"minecraft:end_crystal","metadata":0,"translationKey":"item.end_crystal","block":false},{"id":"minecraft:spruce_door","metadata":0,"translationKey":"item.doorSpruce","block":false},{"id":"minecraft:birch_door","metadata":0,"translationKey":"item.doorBirch","block":false},{"id":"minecraft:jungle_door","metadata":0,"translationKey":"item.doorJungle","block":false},{"id":"minecraft:acacia_door","metadata":0,"translationKey":"item.doorAcacia","block":false},{"id":"minecraft:dark_oak_door","metadata":0,"translationKey":"item.doorDarkOak","block":false},{"id":"minecraft:chorus_fruit","metadata":0,"translationKey":"item.chorusFruit","block":false},{"id":"minecraft:chorus_fruit_popped","metadata":0,"translationKey":"item.chorusFruitPopped","block":false},{"id":"minecraft:beetroot","metadata":0,"translationKey":"item.minecraft:beetroot","block":false},{"id":"minecraft:beetroot_seeds","metadata":0,"translationKey":"item.beetroot_seeds","block":false},{"id":"minecraft:beetroot_soup","metadata":0,"translationKey":"item.minecraft:beetroot_soup","block":false},{"id":"minecraft:dragon_breath","metadata":0,"translationKey":"item.dragon_breath","block":false},{"id":"minecraft:splash_potion","metadata":0,"translationKey":"item.splash_potion","block":false},{"id":"minecraft:spectral_arrow","metadata":0,"translationKey":"item.spectral_arrow","block":false},{"id":"minecraft:tipped_arrow","metadata":0,"translationKey":"item.tipped_arrow","block":false},{"id":"minecraft:lingering_potion","metadata":0,"translationKey":"item.lingering_potion","block":false},{"id":"minecraft:shield","metadata":0,"translationKey":"item.shield","block":false},{"id":"minecraft:elytra","metadata":0,"translationKey":"item.elytra","block":false},{"id":"minecraft:spruce_boat","metadata":0,"translationKey":"item.boat.spruce","block":false},{"id":"minecraft:birch_boat","metadata":0,"translationKey":"item.boat.birch","block":false},{"id":"minecraft:jungle_boat","metadata":0,"translationKey":"item.boat.jungle","block":false},{"id":"minecraft:acacia_boat","metadata":0,"translationKey":"item.boat.acacia","block":false},{"id":"minecraft:dark_oak_boat","metadata":0,"translationKey":"item.boat.dark_oak","block":false},{"id":"minecraft:totem_of_undying","metadata":0,"translationKey":"item.totem","block":false},{"id":"minecraft:shulker_shell","metadata":0,"translationKey":"item.shulkerShell","block":false},{"id":"minecraft:iron_nugget","metadata":0,"translationKey":"item.ironNugget","block":false},{"id":"minecraft:knowledge_book","metadata":0,"translationKey":"item.knowledgeBook","block":false},{"id":"minecraft:record_13","metadata":0,"translationKey":"item.record","block":false},{"id":"minecraft:record_cat","metadata":0,"translationKey":"item.record","block":false},{"id":"minecraft:record_blocks","metadata":0,"translationKey":"item.record","block":false},{"id":"minecraft:record_chirp","metadata":0,"translationKey":"item.record","block":false},{"id":"minecraft:record_far","metadata":0,"translationKey":"item.record","block":false},{"id":"minecraft:record_mall","metadata":0,"translationKey":"item.record","block":false},{"id":"minecraft:record_mellohi","metadata":0,"translationKey":"item.record","block":false},{"id":"minecraft:record_stal","metadata":0,"translationKey":"item.record","block":false},{"id":"minecraft:record_strad","metadata":0,"translationKey":"item.record","block":false},{"id":"minecraft:record_ward","metadata":0,"translationKey":"item.record","block":false},{"id":"minecraft:record_11","metadata":0,"translationKey":"item.record","block":false},{"id":"minecraft:record_wait","metadata":0,"translationKey":"item.record","block":false},{"id":"minecraft:cod","metadata":0,"translationKey":"item.minecraft:cod","block":false},{"id":"minecraft:cooked_cod","metadata":0,"translationKey":"item.minecraft:cooked_cod","block":false},{"id":"minecraft:salmon","metadata":0,"translationKey":"item.minecraft:salmon","block":false},{"id":"minecraft:cooked_salmon","metadata":0,"translationKey":"item.minecraft:cooked_salmon","block":false},{"id":"minecraft:clownfish","metadata":0,"translationKey":"item.minecraft:clownfish","block":false},{"id":"minecraft:pufferfish","metadata":0,"translationKey":"item.minecraft:pufferfish","block":false}]