[{"id":"buildingBlocks","translationKey":"itemGroup.minecraft.buildingBlocks","icon":{"id":"minecraft:brick_block","metadata":0}},{"id":"decorations","translationKey":"itemGroup.minecraft.decorations","icon":{"id":"minecraft:double_plant","metadata":5}},{"id":"redstone","translationKey":"itemGroup.minecraft.redstone","icon":{"id":"minecraft:redstone","metadata":0}},{"id":"transportation","translationKey":"itemGroup.minecraft.transportation","icon":{"id":"minecraft:golden_rail","metadata":0}},{"id":"misc","translationKey":"itemGroup.minecraft.misc","icon":{"id":"minecraft:lava_bucket","metadata":0}},{"id":"food","translationKey":"itemGroup.minecraft.food","icon":{"id":"minecraft:apple","metadata":0}},{"id":"tools","translationKey":"itemGroup.minecraft.tools","icon":{"id":"minecraft:iron_axe","metadata":0}},{"id":"combat","translationKey":"itemGroup.minecraft.combat","icon":{"id":"minecraft:golden_sword","metadata":0}},{"id":"brewing","translationKey":"itemGroup.minecraft.brewing","icon":{"id":"minecraft:potion","metadata":0}}]