[{"id":"minecraft:air","metadata":0,"translationKey":"minecraft.item.minecraft:air_0","block":false},{"id":"minecraft:stone","metadata":0,"translationKey":"minecraft.item.minecraft:stone_0","block":true},{"id":"minecraft:stone","metadata":1,"translationKey":"minecraft.item.minecraft:stone_1","block":true},{"id":"minecraft:stone","metadata":2,"translationKey":"minecraft.item.minecraft:stone_2","block":true},{"id":"minecraft:stone","metadata":3,"translationKey":"minecraft.item.minecraft:stone_3","block":true},{"id":"minecraft:stone","metadata":4,"translationKey":"minecraft.item.minecraft:stone_4","block":true},{"id":"minecraft:stone","metadata":5,"translationKey":"minecraft.item.minecraft:stone_5","block":true},{"id":"minecraft:stone","metadata":6,"translationKey":"minecraft.item.minecraft:stone_6","block":true},{"id":"minecraft:grass","metadata":0,"translationKey":"minecraft.item.minecraft:grass_0","block":true},{"id":"minecraft:dirt","metadata":0,"translationKey":"minecraft.item.minecraft:dirt_0","block":true},{"id":"minecraft:dirt","metadata":1,"translationKey":"minecraft.item.minecraft:dirt_1","block":true},{"id":"minecraft:dirt","metadata":2,"translationKey":"minecraft.item.minecraft:dirt_2","block":true},{"id":"minecraft:cobblestone","metadata":0,"translationKey":"minecraft.item.minecraft:cobblestone_0","block":true},{"id":"minecraft:planks","metadata":0,"translationKey":"minecraft.item.minecraft:planks_0","block":true},{"id":"minecraft:planks","metadata":1,"translationKey":"minecraft.item.minecraft:planks_1","block":true},{"id":"minecraft:planks","metadata":2,"translationKey":"minecraft.item.minecraft:planks_2","block":true},{"id":"minecraft:planks","metadata":3,"translationKey":"minecraft.item.minecraft:planks_3","block":true},{"id":"minecraft:planks","metadata":4,"translationKey":"minecraft.item.minecraft:planks_4","block":true},{"id":"minecraft:planks","metadata":5,"translationKey":"minecraft.item.minecraft:planks_5","block":true},{"id":"minecraft:sapling","metadata":0,"translationKey":"minecraft.item.minecraft:sapling_0","block":true},{"id":"minecraft:sapling","metadata":1,"translationKey":"minecraft.item.minecraft:sapling_1","block":true},{"id":"minecraft:sapling","metadata":2,"translationKey":"minecraft.item.minecraft:sapling_2","block":true},{"id":"minecraft:sapling","metadata":3,"translationKey":"minecraft.item.minecraft:sapling_3","block":true},{"id":"minecraft:sapling","metadata":4,"translationKey":"minecraft.item.minecraft:sapling_4","block":true},{"id":"minecraft:sapling","metadata":5,"translationKey":"minecraft.item.minecraft:sapling_5","block":true},{"id":"minecraft:bedrock","metadata":0,"translationKey":"minecraft.item.minecraft:bedrock_0","block":true},{"id":"minecraft:sand","metadata":0,"translationKey":"minecraft.item.minecraft:sand_0","block":true},{"id":"minecraft:sand","metadata":1,"translationKey":"minecraft.item.minecraft:sand_1","block":true},{"id":"minecraft:gravel","metadata":0,"translationKey":"minecraft.item.minecraft:gravel_0","block":true},{"id":"minecraft:gold_ore","metadata":0,"translationKey":"minecraft.item.minecraft:gold_ore_0","block":true},{"id":"minecraft:iron_ore","metadata":0,"translationKey":"minecraft.item.minecraft:iron_ore_0","block":true},{"id":"minecraft:coal_ore","metadata":0,"translationKey":"minecraft.item.minecraft:coal_ore_0","block":true},{"id":"minecraft:log","metadata":0,"translationKey":"minecraft.item.minecraft:log_0","block":true},{"id":"minecraft:log","metadata":1,"translationKey":"minecraft.item.minecraft:log_1","block":true},{"id":"minecraft:log","metadata":2,"translationKey":"minecraft.item.minecraft:log_2","block":true},{"id":"minecraft:log","metadata":3,"translationKey":"minecraft.item.minecraft:log_3","block":true},{"id":"minecraft:leaves","metadata":0,"translationKey":"minecraft.item.minecraft:leaves_0","block":true},{"id":"minecraft:leaves","metadata":1,"translationKey":"minecraft.item.minecraft:leaves_1","block":true},{"id":"minecraft:leaves","metadata":2,"translationKey":"minecraft.item.minecraft:leaves_2","block":true},{"id":"minecraft:leaves","metadata":3,"translationKey":"minecraft.item.minecraft:leaves_3","block":true},{"id":"minecraft:sponge","metadata":0,"translationKey":"minecraft.item.minecraft:sponge_0","block":true},{"id":"minecraft:sponge","metadata":1,"translationKey":"minecraft.item.minecraft:sponge_1","block":true},{"id":"minecraft:glass","metadata":0,"translationKey":"minecraft.item.minecraft:glass_0","block":true},{"id":"minecraft:lapis_ore","metadata":0,"translationKey":"minecraft.item.minecraft:lapis_ore_0","block":true},{"id":"minecraft:lapis_block","metadata":0,"translationKey":"minecraft.item.minecraft:lapis_block_0","block":true},{"id":"minecraft:dispenser","metadata":0,"translationKey":"minecraft.item.minecraft:dispenser_0","block":true},{"id":"minecraft:sandstone","metadata":0,"translationKey":"minecraft.item.minecraft:sandstone_0","block":true},{"id":"minecraft:sandstone","metadata":1,"translationKey":"minecraft.item.minecraft:sandstone_1","block":true},{"id":"minecraft:sandstone","metadata":2,"translationKey":"minecraft.item.minecraft:sandstone_2","block":true},{"id":"minecraft:noteblock","metadata":0,"translationKey":"minecraft.item.minecraft:noteblock_0","block":true},{"id":"minecraft:golden_rail","metadata":0,"translationKey":"minecraft.item.minecraft:golden_rail_0","block":true},{"id":"minecraft:detector_rail","metadata":0,"translationKey":"minecraft.item.minecraft:detector_rail_0","block":true},{"id":"minecraft:sticky_piston","metadata":0,"translationKey":"minecraft.item.minecraft:sticky_piston_0","block":true},{"id":"minecraft:web","metadata":0,"translationKey":"minecraft.item.minecraft:web_0","block":true},{"id":"minecraft:tallgrass","metadata":1,"translationKey":"minecraft.item.minecraft:tallgrass_1","block":true},{"id":"minecraft:tallgrass","metadata":2,"translationKey":"minecraft.item.minecraft:tallgrass_2","block":true},{"id":"minecraft:deadbush","metadata":0,"translationKey":"minecraft.item.minecraft:deadbush_0","block":true},{"id":"minecraft:piston","metadata":0,"translationKey":"minecraft.item.minecraft:piston_0","block":true},{"id":"minecraft:wool","metadata":0,"translationKey":"minecraft.item.minecraft:wool_0","block":true},{"id":"minecraft:wool","metadata":1,"translationKey":"minecraft.item.minecraft:wool_1","block":true},{"id":"minecraft:wool","metadata":2,"translationKey":"minecraft.item.minecraft:wool_2","block":true},{"id":"minecraft:wool","metadata":3,"translationKey":"minecraft.item.minecraft:wool_3","block":true},{"id":"minecraft:wool","metadata":4,"translationKey":"minecraft.item.minecraft:wool_4","block":true},{"id":"minecraft:wool","metadata":5,"translationKey":"minecraft.item.minecraft:wool_5","block":true},{"id":"minecraft:wool","metadata":6,"translationKey":"minecraft.item.minecraft:wool_6","block":true},{"id":"minecraft:wool","metadata":7,"translationKey":"minecraft.item.minecraft:wool_7","block":true},{"id":"minecraft:wool","metadata":8,"translationKey":"minecraft.item.minecraft:wool_8","block":true},{"id":"minecraft:wool","metadata":9,"translationKey":"minecraft.item.minecraft:wool_9","block":true},{"id":"minecraft:wool","metadata":10,"translationKey":"minecraft.item.minecraft:wool_10","block":true},{"id":"minecraft:wool","metadata":11,"translationKey":"minecraft.item.minecraft:wool_11","block":true},{"id":"minecraft:wool","metadata":12,"translationKey":"minecraft.item.minecraft:wool_12","block":true},{"id":"minecraft:wool","metadata":13,"translationKey":"minecraft.item.minecraft:wool_13","block":true},{"id":"minecraft:wool","metadata":14,"translationKey":"minecraft.item.minecraft:wool_14","block":true},{"id":"minecraft:wool","metadata":15,"translationKey":"minecraft.item.minecraft:wool_15","block":true},{"id":"minecraft:yellow_flower","metadata":0,"translationKey":"minecraft.item.minecraft:yellow_flower_0","block":true},{"id":"minecraft:red_flower","metadata":0,"translationKey":"minecraft.item.minecraft:red_flower_0","block":true},{"id":"minecraft:red_flower","metadata":1,"translationKey":"minecraft.item.minecraft:red_flower_1","block":true},{"id":"minecraft:red_flower","metadata":2,"translationKey":"minecraft.item.minecraft:red_flower_2","block":true},{"id":"minecraft:red_flower","metadata":3,"translationKey":"minecraft.item.minecraft:red_flower_3","block":true},{"id":"minecraft:red_flower","metadata":4,"translationKey":"minecraft.item.minecraft:red_flower_4","block":true},{"id":"minecraft:red_flower","metadata":5,"translationKey":"minecraft.item.minecraft:red_flower_5","block":true},{"id":"minecraft:red_flower","metadata":6,"translationKey":"minecraft.item.minecraft:red_flower_6","block":true},{"id":"minecraft:red_flower","metadata":7,"translationKey":"minecraft.item.minecraft:red_flower_7","block":true},{"id":"minecraft:red_flower","metadata":8,"translationKey":"minecraft.item.minecraft:red_flower_8","block":true},{"id":"minecraft:brown_mushroom","metadata":0,"translationKey":"minecraft.item.minecraft:brown_mushroom_0","block":true},{"id":"minecraft:red_mushroom","metadata":0,"translationKey":"minecraft.item.minecraft:red_mushroom_0","block":true},{"id":"minecraft:gold_block","metadata":0,"translationKey":"minecraft.item.minecraft:gold_block_0","block":true},{"id":"minecraft:iron_block","metadata":0,"translationKey":"minecraft.item.minecraft:iron_block_0","block":true},{"id":"minecraft:stone_slab","metadata":0,"translationKey":"minecraft.item.minecraft:stone_slab_0","block":true},{"id":"minecraft:stone_slab","metadata":1,"translationKey":"minecraft.item.minecraft:stone_slab_1","block":true},{"id":"minecraft:stone_slab","metadata":3,"translationKey":"minecraft.item.minecraft:stone_slab_3","block":true},{"id":"minecraft:stone_slab","metadata":4,"translationKey":"minecraft.item.minecraft:stone_slab_4","block":true},{"id":"minecraft:stone_slab","metadata":5,"translationKey":"minecraft.item.minecraft:stone_slab_5","block":true},{"id":"minecraft:stone_slab","metadata":6,"translationKey":"minecraft.item.minecraft:stone_slab_6","block":true},{"id":"minecraft:stone_slab","metadata":7,"translationKey":"minecraft.item.minecraft:stone_slab_7","block":true},{"id":"minecraft:brick_block","metadata":0,"translationKey":"minecraft.item.minecraft:brick_block_0","block":true},{"id":"minecraft:tnt","metadata":0,"translationKey":"minecraft.item.minecraft:tnt_0","block":true},{"id":"minecraft:bookshelf","metadata":0,"translationKey":"minecraft.item.minecraft:bookshelf_0","block":true},{"id":"minecraft:mossy_cobblestone","metadata":0,"translationKey":"minecraft.item.minecraft:mossy_cobblestone_0","block":true},{"id":"minecraft:obsidian","metadata":0,"translationKey":"minecraft.item.minecraft:obsidian_0","block":true},{"id":"minecraft:torch","metadata":0,"translationKey":"minecraft.item.minecraft:torch_0","block":true},{"id":"minecraft:mob_spawner","metadata":0,"translationKey":"minecraft.item.minecraft:mob_spawner_0","block":true},{"id":"minecraft:oak_stairs","metadata":0,"translationKey":"minecraft.item.minecraft:oak_stairs_0","block":true},{"id":"minecraft:chest","metadata":0,"translationKey":"minecraft.item.minecraft:chest_0","block":true},{"id":"minecraft:diamond_ore","metadata":0,"translationKey":"minecraft.item.minecraft:diamond_ore_0","block":true},{"id":"minecraft:diamond_block","metadata":0,"translationKey":"minecraft.item.minecraft:diamond_block_0","block":true},{"id":"minecraft:crafting_table","metadata":0,"translationKey":"minecraft.item.minecraft:crafting_table_0","block":true},{"id":"minecraft:farmland","metadata":0,"translationKey":"minecraft.item.minecraft:farmland_0","block":true},{"id":"minecraft:furnace","metadata":0,"translationKey":"minecraft.item.minecraft:furnace_0","block":true},{"id":"minecraft:ladder","metadata":0,"translationKey":"minecraft.item.minecraft:ladder_0","block":true},{"id":"minecraft:rail","metadata":0,"translationKey":"minecraft.item.minecraft:rail_0","block":true},{"id":"minecraft:stone_stairs","metadata":0,"translationKey":"minecraft.item.minecraft:stone_stairs_0","block":true},{"id":"minecraft:lever","metadata":0,"translationKey":"minecraft.item.minecraft:lever_0","block":true},{"id":"minecraft:stone_pressure_plate","metadata":0,"translationKey":"minecraft.item.minecraft:stone_pressure_plate_0","block":true},{"id":"minecraft:wooden_pressure_plate","metadata":0,"translationKey":"minecraft.item.minecraft:wooden_pressure_plate_0","block":true},{"id":"minecraft:redstone_ore","metadata":0,"translationKey":"minecraft.item.minecraft:redstone_ore_0","block":true},{"id":"minecraft:redstone_torch","metadata":0,"translationKey":"minecraft.item.minecraft:redstone_torch_0","block":true},{"id":"minecraft:stone_button","metadata":0,"translationKey":"minecraft.item.minecraft:stone_button_0","block":true},{"id":"minecraft:snow_layer","metadata":0,"translationKey":"minecraft.item.minecraft:snow_layer_0","block":true},{"id":"minecraft:ice","metadata":0,"translationKey":"minecraft.item.minecraft:ice_0","block":true},{"id":"minecraft:snow","metadata":0,"translationKey":"minecraft.item.minecraft:snow_0","block":true},{"id":"minecraft:cactus","metadata":0,"translationKey":"minecraft.item.minecraft:cactus_0","block":true},{"id":"minecraft:clay","metadata":0,"translationKey":"minecraft.item.minecraft:clay_0","block":true},{"id":"minecraft:jukebox","metadata":0,"translationKey":"minecraft.item.minecraft:jukebox_0","block":true},{"id":"minecraft:fence","metadata":0,"translationKey":"minecraft.item.minecraft:fence_0","block":true},{"id":"minecraft:pumpkin","metadata":0,"translationKey":"minecraft.item.minecraft:pumpkin_0","block":true},{"id":"minecraft:netherrack","metadata":0,"translationKey":"minecraft.item.minecraft:netherrack_0","block":true},{"id":"minecraft:soul_sand","metadata":0,"translationKey":"minecraft.item.minecraft:soul_sand_0","block":true},{"id":"minecraft:glowstone","metadata":0,"translationKey":"minecraft.item.minecraft:glowstone_0","block":true},{"id":"minecraft:lit_pumpkin","metadata":0,"translationKey":"minecraft.item.minecraft:lit_pumpkin_0","block":true},{"id":"minecraft:stained_glass","metadata":0,"translationKey":"minecraft.item.minecraft:stained_glass_0","block":true},{"id":"minecraft:stained_glass","metadata":1,"translationKey":"minecraft.item.minecraft:stained_glass_1","block":true},{"id":"minecraft:stained_glass","metadata":2,"translationKey":"minecraft.item.minecraft:stained_glass_2","block":true},{"id":"minecraft:stained_glass","metadata":3,"translationKey":"minecraft.item.minecraft:stained_glass_3","block":true},{"id":"minecraft:stained_glass","metadata":4,"translationKey":"minecraft.item.minecraft:stained_glass_4","block":true},{"id":"minecraft:stained_glass","metadata":5,"translationKey":"minecraft.item.minecraft:stained_glass_5","block":true},{"id":"minecraft:stained_glass","metadata":6,"translationKey":"minecraft.item.minecraft:stained_glass_6","block":true},{"id":"minecraft:stained_glass","metadata":7,"translationKey":"minecraft.item.minecraft:stained_glass_7","block":true},{"id":"minecraft:stained_glass","metadata":8,"translationKey":"minecraft.item.minecraft:stained_glass_8","block":true},{"id":"minecraft:stained_glass","metadata":9,"translationKey":"minecraft.item.minecraft:stained_glass_9","block":true},{"id":"minecraft:stained_glass","metadata":10,"translationKey":"minecraft.item.minecraft:stained_glass_10","block":true},{"id":"minecraft:stained_glass","metadata":11,"translationKey":"minecraft.item.minecraft:stained_glass_11","block":true},{"id":"minecraft:stained_glass","metadata":12,"translationKey":"minecraft.item.minecraft:stained_glass_12","block":true},{"id":"minecraft:stained_glass","metadata":13,"translationKey":"minecraft.item.minecraft:stained_glass_13","block":true},{"id":"minecraft:stained_glass","metadata":14,"translationKey":"minecraft.item.minecraft:stained_glass_14","block":true},{"id":"minecraft:stained_glass","metadata":15,"translationKey":"minecraft.item.minecraft:stained_glass_15","block":true},{"id":"minecraft:trapdoor","metadata":0,"translationKey":"minecraft.item.minecraft:trapdoor_0","block":true},{"id":"minecraft:monster_egg","metadata":0,"translationKey":"minecraft.item.minecraft:monster_egg_0","block":true},{"id":"minecraft:monster_egg","metadata":1,"translationKey":"minecraft.item.minecraft:monster_egg_1","block":true},{"id":"minecraft:monster_egg","metadata":2,"translationKey":"minecraft.item.minecraft:monster_egg_2","block":true},{"id":"minecraft:monster_egg","metadata":3,"translationKey":"minecraft.item.minecraft:monster_egg_3","block":true},{"id":"minecraft:monster_egg","metadata":4,"translationKey":"minecraft.item.minecraft:monster_egg_4","block":true},{"id":"minecraft:monster_egg","metadata":5,"translationKey":"minecraft.item.minecraft:monster_egg_5","block":true},{"id":"minecraft:stonebrick","metadata":0,"translationKey":"minecraft.item.minecraft:stonebrick_0","block":true},{"id":"minecraft:stonebrick","metadata":1,"translationKey":"minecraft.item.minecraft:stonebrick_1","block":true},{"id":"minecraft:stonebrick","metadata":2,"translationKey":"minecraft.item.minecraft:stonebrick_2","block":true},{"id":"minecraft:stonebrick","metadata":3,"translationKey":"minecraft.item.minecraft:stonebrick_3","block":true},{"id":"minecraft:brown_mushroom_block","metadata":0,"translationKey":"minecraft.item.minecraft:brown_mushroom_block_0","block":true},{"id":"minecraft:red_mushroom_block","metadata":0,"translationKey":"minecraft.item.minecraft:red_mushroom_block_0","block":true},{"id":"minecraft:iron_bars","metadata":0,"translationKey":"minecraft.item.minecraft:iron_bars_0","block":true},{"id":"minecraft:glass_pane","metadata":0,"translationKey":"minecraft.item.minecraft:glass_pane_0","block":true},{"id":"minecraft:melon_block","metadata":0,"translationKey":"minecraft.item.minecraft:melon_block_0","block":true},{"id":"minecraft:vine","metadata":0,"translationKey":"minecraft.item.minecraft:vine_0","block":true},{"id":"minecraft:fence_gate","metadata":0,"translationKey":"minecraft.item.minecraft:fence_gate_0","block":true},{"id":"minecraft:brick_stairs","metadata":0,"translationKey":"minecraft.item.minecraft:brick_stairs_0","block":true},{"id":"minecraft:stone_brick_stairs","metadata":0,"translationKey":"minecraft.item.minecraft:stone_brick_stairs_0","block":true},{"id":"minecraft:mycelium","metadata":0,"translationKey":"minecraft.item.minecraft:mycelium_0","block":true},{"id":"minecraft:waterlily","metadata":0,"translationKey":"minecraft.item.minecraft:waterlily_0","block":true},{"id":"minecraft:nether_brick","metadata":0,"translationKey":"minecraft.item.minecraft:nether_brick_0","block":true},{"id":"minecraft:nether_brick_fence","metadata":0,"translationKey":"minecraft.item.minecraft:nether_brick_fence_0","block":true},{"id":"minecraft:nether_brick_stairs","metadata":0,"translationKey":"minecraft.item.minecraft:nether_brick_stairs_0","block":true},{"id":"minecraft:enchanting_table","metadata":0,"translationKey":"minecraft.item.minecraft:enchanting_table_0","block":true},{"id":"minecraft:end_portal_frame","metadata":0,"translationKey":"minecraft.item.minecraft:end_portal_frame_0","block":true},{"id":"minecraft:end_stone","metadata":0,"translationKey":"minecraft.item.minecraft:end_stone_0","block":true},{"id":"minecraft:dragon_egg","metadata":0,"translationKey":"minecraft.item.minecraft:dragon_egg_0","block":true},{"id":"minecraft:redstone_lamp","metadata":0,"translationKey":"minecraft.item.minecraft:redstone_lamp_0","block":true},{"id":"minecraft:wooden_slab","metadata":0,"translationKey":"minecraft.item.minecraft:wooden_slab_0","block":true},{"id":"minecraft:wooden_slab","metadata":1,"translationKey":"minecraft.item.minecraft:wooden_slab_1","block":true},{"id":"minecraft:wooden_slab","metadata":2,"translationKey":"minecraft.item.minecraft:wooden_slab_2","block":true},{"id":"minecraft:wooden_slab","metadata":3,"translationKey":"minecraft.item.minecraft:wooden_slab_3","block":true},{"id":"minecraft:wooden_slab","metadata":4,"translationKey":"minecraft.item.minecraft:wooden_slab_4","block":true},{"id":"minecraft:wooden_slab","metadata":5,"translationKey":"minecraft.item.minecraft:wooden_slab_5","block":true},{"id":"minecraft:sandstone_stairs","metadata":0,"translationKey":"minecraft.item.minecraft:sandstone_stairs_0","block":true},{"id":"minecraft:emerald_ore","metadata":0,"translationKey":"minecraft.item.minecraft:emerald_ore_0","block":true},{"id":"minecraft:ender_chest","metadata":0,"translationKey":"minecraft.item.minecraft:ender_chest_0","block":true},{"id":"minecraft:tripwire_hook","metadata":0,"translationKey":"minecraft.item.minecraft:tripwire_hook_0","block":true},{"id":"minecraft:emerald_block","metadata":0,"translationKey":"minecraft.item.minecraft:emerald_block_0","block":true},{"id":"minecraft:spruce_stairs","metadata":0,"translationKey":"minecraft.item.minecraft:spruce_stairs_0","block":true},{"id":"minecraft:birch_stairs","metadata":0,"translationKey":"minecraft.item.minecraft:birch_stairs_0","block":true},{"id":"minecraft:jungle_stairs","metadata":0,"translationKey":"minecraft.item.minecraft:jungle_stairs_0","block":true},{"id":"minecraft:command_block","metadata":0,"translationKey":"minecraft.item.minecraft:command_block_0","block":true},{"id":"minecraft:beacon","metadata":0,"translationKey":"minecraft.item.minecraft:beacon_0","block":true},{"id":"minecraft:cobblestone_wall","metadata":0,"translationKey":"minecraft.item.minecraft:cobblestone_wall_0","block":true},{"id":"minecraft:cobblestone_wall","metadata":1,"translationKey":"minecraft.item.minecraft:cobblestone_wall_1","block":true},{"id":"minecraft:wooden_button","metadata":0,"translationKey":"minecraft.item.minecraft:wooden_button_0","block":true},{"id":"minecraft:anvil","metadata":0,"translationKey":"minecraft.item.minecraft:anvil_0","block":true},{"id":"minecraft:anvil","metadata":1,"translationKey":"minecraft.item.minecraft:anvil_1","block":true},{"id":"minecraft:anvil","metadata":2,"translationKey":"minecraft.item.minecraft:anvil_2","block":true},{"id":"minecraft:trapped_chest","metadata":0,"translationKey":"minecraft.item.minecraft:trapped_chest_0","block":true},{"id":"minecraft:light_weighted_pressure_plate","metadata":0,"translationKey":"minecraft.item.minecraft:light_weighted_pressure_plate_0","block":true},{"id":"minecraft:heavy_weighted_pressure_plate","metadata":0,"translationKey":"minecraft.item.minecraft:heavy_weighted_pressure_plate_0","block":true},{"id":"minecraft:daylight_detector","metadata":0,"translationKey":"minecraft.item.minecraft:daylight_detector_0","block":true},{"id":"minecraft:redstone_block","metadata":0,"translationKey":"minecraft.item.minecraft:redstone_block_0","block":true},{"id":"minecraft:quartz_ore","metadata":0,"translationKey":"minecraft.item.minecraft:quartz_ore_0","block":true},{"id":"minecraft:hopper","metadata":0,"translationKey":"minecraft.item.minecraft:hopper_0","block":true},{"id":"minecraft:quartz_block","metadata":0,"translationKey":"minecraft.item.minecraft:quartz_block_0","block":true},{"id":"minecraft:quartz_block","metadata":1,"translationKey":"minecraft.item.minecraft:quartz_block_1","block":true},{"id":"minecraft:quartz_block","metadata":2,"translationKey":"minecraft.item.minecraft:quartz_block_2","block":true},{"id":"minecraft:quartz_stairs","metadata":0,"translationKey":"minecraft.item.minecraft:quartz_stairs_0","block":true},{"id":"minecraft:activator_rail","metadata":0,"translationKey":"minecraft.item.minecraft:activator_rail_0","block":true},{"id":"minecraft:dropper","metadata":0,"translationKey":"minecraft.item.minecraft:dropper_0","block":true},{"id":"minecraft:stained_hardened_clay","metadata":0,"translationKey":"minecraft.item.minecraft:stained_hardened_clay_0","block":true},{"id":"minecraft:stained_hardened_clay","metadata":1,"translationKey":"minecraft.item.minecraft:stained_hardened_clay_1","block":true},{"id":"minecraft:stained_hardened_clay","metadata":2,"translationKey":"minecraft.item.minecraft:stained_hardened_clay_2","block":true},{"id":"minecraft:stained_hardened_clay","metadata":3,"translationKey":"minecraft.item.minecraft:stained_hardened_clay_3","block":true},{"id":"minecraft:stained_hardened_clay","metadata":4,"translationKey":"minecraft.item.minecraft:stained_hardened_clay_4","block":true},{"id":"minecraft:stained_hardened_clay","metadata":5,"translationKey":"minecraft.item.minecraft:stained_hardened_clay_5","block":true},{"id":"minecraft:stained_hardened_clay","metadata":6,"translationKey":"minecraft.item.minecraft:stained_hardened_clay_6","block":true},{"id":"minecraft:stained_hardened_clay","metadata":7,"translationKey":"minecraft.item.minecraft:stained_hardened_clay_7","block":true},{"id":"minecraft:stained_hardened_clay","metadata":8,"translationKey":"minecraft.item.minecraft:stained_hardened_clay_8","block":true},{"id":"minecraft:stained_hardened_clay","metadata":9,"translationKey":"minecraft.item.minecraft:stained_hardened_clay_9","block":true},{"id":"minecraft:stained_hardened_clay","metadata":10,"translationKey":"minecraft.item.minecraft:stained_hardened_clay_10","block":true},{"id":"minecraft:stained_hardened_clay","metadata":11,"translationKey":"minecraft.item.minecraft:stained_hardened_clay_11","block":true},{"id":"minecraft:stained_hardened_clay","metadata":12,"translationKey":"minecraft.item.minecraft:stained_hardened_clay_12","block":true},{"id":"minecraft:stained_hardened_clay","metadata":13,"translationKey":"minecraft.item.minecraft:stained_hardened_clay_13","block":true},{"id":"minecraft:stained_hardened_clay","metadata":14,"translationKey":"minecraft.item.minecraft:stained_hardened_clay_14","block":true},{"id":"minecraft:stained_hardened_clay","metadata":15,"translationKey":"minecraft.item.minecraft:stained_hardened_clay_15","block":true},{"id":"minecraft:stained_glass_pane","metadata":0,"translationKey":"minecraft.item.minecraft:stained_glass_pane_0","block":true},{"id":"minecraft:stained_glass_pane","metadata":1,"translationKey":"minecraft.item.minecraft:stained_glass_pane_1","block":true},{"id":"minecraft:stained_glass_pane","metadata":2,"translationKey":"minecraft.item.minecraft:stained_glass_pane_2","block":true},{"id":"minecraft:stained_glass_pane","metadata":3,"translationKey":"minecraft.item.minecraft:stained_glass_pane_3","block":true},{"id":"minecraft:stained_glass_pane","metadata":4,"translationKey":"minecraft.item.minecraft:stained_glass_pane_4","block":true},{"id":"minecraft:stained_glass_pane","metadata":5,"translationKey":"minecraft.item.minecraft:stained_glass_pane_5","block":true},{"id":"minecraft:stained_glass_pane","metadata":6,"translationKey":"minecraft.item.minecraft:stained_glass_pane_6","block":true},{"id":"minecraft:stained_glass_pane","metadata":7,"translationKey":"minecraft.item.minecraft:stained_glass_pane_7","block":true},{"id":"minecraft:stained_glass_pane","metadata":8,"translationKey":"minecraft.item.minecraft:stained_glass_pane_8","block":true},{"id":"minecraft:stained_glass_pane","metadata":9,"translationKey":"minecraft.item.minecraft:stained_glass_pane_9","block":true},{"id":"minecraft:stained_glass_pane","metadata":10,"translationKey":"minecraft.item.minecraft:stained_glass_pane_10","block":true},{"id":"minecraft:stained_glass_pane","metadata":11,"translationKey":"minecraft.item.minecraft:stained_glass_pane_11","block":true},{"id":"minecraft:stained_glass_pane","metadata":12,"translationKey":"minecraft.item.minecraft:stained_glass_pane_12","block":true},{"id":"minecraft:stained_glass_pane","metadata":13,"translationKey":"minecraft.item.minecraft:stained_glass_pane_13","block":true},{"id":"minecraft:stained_glass_pane","metadata":14,"translationKey":"minecraft.item.minecraft:stained_glass_pane_14","block":true},{"id":"minecraft:stained_glass_pane","metadata":15,"translationKey":"minecraft.item.minecraft:stained_glass_pane_15","block":true},{"id":"minecraft:leaves2","metadata":0,"translationKey":"minecraft.item.minecraft:leaves2_0","block":true},{"id":"minecraft:leaves2","metadata":1,"translationKey":"minecraft.item.minecraft:leaves2_1","block":true},{"id":"minecraft:log2","metadata":0,"translationKey":"minecraft.item.minecraft:log2_0","block":true},{"id":"minecraft:log2","metadata":1,"translationKey":"minecraft.item.minecraft:log2_1","block":true},{"id":"minecraft:acacia_stairs","metadata":0,"translationKey":"minecraft.item.minecraft:acacia_stairs_0","block":true},{"id":"minecraft:dark_oak_stairs","metadata":0,"translationKey":"minecraft.item.minecraft:dark_oak_stairs_0","block":true},{"id":"minecraft:slime","metadata":0,"translationKey":"minecraft.item.minecraft:slime_0","block":true},{"id":"minecraft:barrier","metadata":0,"translationKey":"minecraft.item.minecraft:barrier_0","block":true},{"id":"minecraft:iron_trapdoor","metadata":0,"translationKey":"minecraft.item.minecraft:iron_trapdoor_0","block":true},{"id":"minecraft:prismarine","metadata":0,"translationKey":"minecraft.item.minecraft:prismarine_0","block":true},{"id":"minecraft:prismarine","metadata":1,"translationKey":"minecraft.item.minecraft:prismarine_1","block":true},{"id":"minecraft:prismarine","metadata":2,"translationKey":"minecraft.item.minecraft:prismarine_2","block":true},{"id":"minecraft:sea_lantern","metadata":0,"translationKey":"minecraft.item.minecraft:sea_lantern_0","block":true},{"id":"minecraft:hay_block","metadata":0,"translationKey":"minecraft.item.minecraft:hay_block_0","block":true},{"id":"minecraft:carpet","metadata":0,"translationKey":"minecraft.item.minecraft:carpet_0","block":true},{"id":"minecraft:carpet","metadata":1,"translationKey":"minecraft.item.minecraft:carpet_1","block":true},{"id":"minecraft:carpet","metadata":2,"translationKey":"minecraft.item.minecraft:carpet_2","block":true},{"id":"minecraft:carpet","metadata":3,"translationKey":"minecraft.item.minecraft:carpet_3","block":true},{"id":"minecraft:carpet","metadata":4,"translationKey":"minecraft.item.minecraft:carpet_4","block":true},{"id":"minecraft:carpet","metadata":5,"translationKey":"minecraft.item.minecraft:carpet_5","block":true},{"id":"minecraft:carpet","metadata":6,"translationKey":"minecraft.item.minecraft:carpet_6","block":true},{"id":"minecraft:carpet","metadata":7,"translationKey":"minecraft.item.minecraft:carpet_7","block":true},{"id":"minecraft:carpet","metadata":8,"translationKey":"minecraft.item.minecraft:carpet_8","block":true},{"id":"minecraft:carpet","metadata":9,"translationKey":"minecraft.item.minecraft:carpet_9","block":true},{"id":"minecraft:carpet","metadata":10,"translationKey":"minecraft.item.minecraft:carpet_10","block":true},{"id":"minecraft:carpet","metadata":11,"translationKey":"minecraft.item.minecraft:carpet_11","block":true},{"id":"minecraft:carpet","metadata":12,"translationKey":"minecraft.item.minecraft:carpet_12","block":true},{"id":"minecraft:carpet","metadata":13,"translationKey":"minecraft.item.minecraft:carpet_13","block":true},{"id":"minecraft:carpet","metadata":14,"translationKey":"minecraft.item.minecraft:carpet_14","block":true},{"id":"minecraft:carpet","metadata":15,"translationKey":"minecraft.item.minecraft:carpet_15","block":true},{"id":"minecraft:hardened_clay","metadata":0,"translationKey":"minecraft.item.minecraft:hardened_clay_0","block":true},{"id":"minecraft:coal_block","metadata":0,"translationKey":"minecraft.item.minecraft:coal_block_0","block":true},{"id":"minecraft:packed_ice","metadata":0,"translationKey":"minecraft.item.minecraft:packed_ice_0","block":true},{"id":"minecraft:double_plant","metadata":0,"translationKey":"minecraft.item.minecraft:double_plant_0","block":true},{"id":"minecraft:double_plant","metadata":1,"translationKey":"minecraft.item.minecraft:double_plant_1","block":true},{"id":"minecraft:double_plant","metadata":2,"translationKey":"minecraft.item.minecraft:double_plant_2","block":true},{"id":"minecraft:double_plant","metadata":3,"translationKey":"minecraft.item.minecraft:double_plant_3","block":true},{"id":"minecraft:double_plant","metadata":4,"translationKey":"minecraft.item.minecraft:double_plant_4","block":true},{"id":"minecraft:double_plant","metadata":5,"translationKey":"minecraft.item.minecraft:double_plant_5","block":true},{"id":"minecraft:red_sandstone","metadata":0,"translationKey":"minecraft.item.minecraft:red_sandstone_0","block":true},{"id":"minecraft:red_sandstone","metadata":1,"translationKey":"minecraft.item.minecraft:red_sandstone_1","block":true},{"id":"minecraft:red_sandstone","metadata":2,"translationKey":"minecraft.item.minecraft:red_sandstone_2","block":true},{"id":"minecraft:red_sandstone_stairs","metadata":0,"translationKey":"minecraft.item.minecraft:red_sandstone_stairs_0","block":true},{"id":"minecraft:stone_slab2","metadata":0,"translationKey":"minecraft.item.minecraft:stone_slab2_0","block":true},{"id":"minecraft:spruce_fence_gate","metadata":0,"translationKey":"minecraft.item.minecraft:spruce_fence_gate_0","block":true},{"id":"minecraft:birch_fence_gate","metadata":0,"translationKey":"minecraft.item.minecraft:birch_fence_gate_0","block":true},{"id":"minecraft:jungle_fence_gate","metadata":0,"translationKey":"minecraft.item.minecraft:jungle_fence_gate_0","block":true},{"id":"minecraft:dark_oak_fence_gate","metadata":0,"translationKey":"minecraft.item.minecraft:dark_oak_fence_gate_0","block":true},{"id":"minecraft:acacia_fence_gate","metadata":0,"translationKey":"minecraft.item.minecraft:acacia_fence_gate_0","block":true},{"id":"minecraft:spruce_fence","metadata":0,"translationKey":"minecraft.item.minecraft:spruce_fence_0","block":true},{"id":"minecraft:birch_fence","metadata":0,"translationKey":"minecraft.item.minecraft:birch_fence_0","block":true},{"id":"minecraft:jungle_fence","metadata":0,"translationKey":"minecraft.item.minecraft:jungle_fence_0","block":true},{"id":"minecraft:dark_oak_fence","metadata":0,"translationKey":"minecraft.item.minecraft:dark_oak_fence_0","block":true},{"id":"minecraft:acacia_fence","metadata":0,"translationKey":"minecraft.item.minecraft:acacia_fence_0","block":true},{"id":"minecraft:end_rod","metadata":0,"translationKey":"minecraft.item.minecraft:end_rod_0","block":true},{"id":"minecraft:chorus_plant","metadata":0,"translationKey":"minecraft.item.minecraft:chorus_plant_0","block":true},{"id":"minecraft:chorus_flower","metadata":0,"translationKey":"minecraft.item.minecraft:chorus_flower_0","block":true},{"id":"minecraft:purpur_block","metadata":0,"translationKey":"minecraft.item.minecraft:purpur_block_0","block":true},{"id":"minecraft:purpur_pillar","metadata":0,"translationKey":"minecraft.item.minecraft:purpur_pillar_0","block":true},{"id":"minecraft:purpur_stairs","metadata":0,"translationKey":"minecraft.item.minecraft:purpur_stairs_0","block":true},{"id":"minecraft:purpur_slab","metadata":0,"translationKey":"minecraft.item.minecraft:purpur_slab_0","block":true},{"id":"minecraft:end_bricks","metadata":0,"translationKey":"minecraft.item.minecraft:end_bricks_0","block":true},{"id":"minecraft:grass_path","metadata":0,"translationKey":"minecraft.item.minecraft:grass_path_0","block":true},{"id":"minecraft:repeating_command_block","metadata":0,"translationKey":"minecraft.item.minecraft:repeating_command_block_0","block":true},{"id":"minecraft:chain_command_block","metadata":0,"translationKey":"minecraft.item.minecraft:chain_command_block_0","block":true},{"id":"minecraft:magma","metadata":0,"translationKey":"minecraft.item.minecraft:magma_0","block":true},{"id":"minecraft:nether_wart_block","metadata":0,"translationKey":"minecraft.item.minecraft:nether_wart_block_0","block":true},{"id":"minecraft:red_nether_brick","metadata":0,"translationKey":"minecraft.item.minecraft:red_nether_brick_0","block":true},{"id":"minecraft:bone_block","metadata":0,"translationKey":"minecraft.item.minecraft:bone_block_0","block":true},{"id":"minecraft:structure_void","metadata":0,"translationKey":"minecraft.item.minecraft:structure_void_0","block":true},{"id":"minecraft:observer","metadata":0,"translationKey":"minecraft.item.minecraft:observer_0","block":true},{"id":"minecraft:white_shulker_box","metadata":0,"translationKey":"minecraft.item.minecraft:white_shulker_box_0","block":true},{"id":"minecraft:orange_shulker_box","metadata":0,"translationKey":"minecraft.item.minecraft:orange_shulker_box_0","block":true},{"id":"minecraft:magenta_shulker_box","metadata":0,"translationKey":"minecraft.item.minecraft:magenta_shulker_box_0","block":true},{"id":"minecraft:light_blue_shulker_box","metadata":0,"translationKey":"minecraft.item.minecraft:light_blue_shulker_box_0","block":true},{"id":"minecraft:yellow_shulker_box","metadata":0,"translationKey":"minecraft.item.minecraft:yellow_shulker_box_0","block":true},{"id":"minecraft:lime_shulker_box","metadata":0,"translationKey":"minecraft.item.minecraft:lime_shulker_box_0","block":true},{"id":"minecraft:pink_shulker_box","metadata":0,"translationKey":"minecraft.item.minecraft:pink_shulker_box_0","block":true},{"id":"minecraft:gray_shulker_box","metadata":0,"translationKey":"minecraft.item.minecraft:gray_shulker_box_0","block":true},{"id":"minecraft:silver_shulker_box","metadata":0,"translationKey":"minecraft.item.minecraft:silver_shulker_box_0","block":true},{"id":"minecraft:cyan_shulker_box","metadata":0,"translationKey":"minecraft.item.minecraft:cyan_shulker_box_0","block":true},{"id":"minecraft:purple_shulker_box","metadata":0,"translationKey":"minecraft.item.minecraft:purple_shulker_box_0","block":true},{"id":"minecraft:blue_shulker_box","metadata":0,"translationKey":"minecraft.item.minecraft:blue_shulker_box_0","block":true},{"id":"minecraft:brown_shulker_box","metadata":0,"translationKey":"minecraft.item.minecraft:brown_shulker_box_0","block":true},{"id":"minecraft:green_shulker_box","metadata":0,"translationKey":"minecraft.item.minecraft:green_shulker_box_0","block":true},{"id":"minecraft:red_shulker_box","metadata":0,"translationKey":"minecraft.item.minecraft:red_shulker_box_0","block":true},{"id":"minecraft:black_shulker_box","metadata":0,"translationKey":"minecraft.item.minecraft:black_shulker_box_0","block":true},{"id":"minecraft:white_glazed_terracotta","metadata":0,"translationKey":"minecraft.item.minecraft:white_glazed_terracotta_0","block":true},{"id":"minecraft:orange_glazed_terracotta","metadata":0,"translationKey":"minecraft.item.minecraft:orange_glazed_terracotta_0","block":true},{"id":"minecraft:magenta_glazed_terracotta","metadata":0,"translationKey":"minecraft.item.minecraft:magenta_glazed_terracotta_0","block":true},{"id":"minecraft:light_blue_glazed_terracotta","metadata":0,"translationKey":"minecraft.item.minecraft:light_blue_glazed_terracotta_0","block":true},{"id":"minecraft:yellow_glazed_terracotta","metadata":0,"translationKey":"minecraft.item.minecraft:yellow_glazed_terracotta_0","block":true},{"id":"minecraft:lime_glazed_terracotta","metadata":0,"translationKey":"minecraft.item.minecraft:lime_glazed_terracotta_0","block":true},{"id":"minecraft:pink_glazed_terracotta","metadata":0,"translationKey":"minecraft.item.minecraft:pink_glazed_terracotta_0","block":true},{"id":"minecraft:gray_glazed_terracotta","metadata":0,"translationKey":"minecraft.item.minecraft:gray_glazed_terracotta_0","block":true},{"id":"minecraft:silver_glazed_terracotta","metadata":0,"translationKey":"minecraft.item.minecraft:silver_glazed_terracotta_0","block":true},{"id":"minecraft:cyan_glazed_terracotta","metadata":0,"translationKey":"minecraft.item.minecraft:cyan_glazed_terracotta_0","block":true},{"id":"minecraft:purple_glazed_terracotta","metadata":0,"translationKey":"minecraft.item.minecraft:purple_glazed_terracotta_0","block":true},{"id":"minecraft:blue_glazed_terracotta","metadata":0,"translationKey":"minecraft.item.minecraft:blue_glazed_terracotta_0","block":true},{"id":"minecraft:brown_glazed_terracotta","metadata":0,"translationKey":"minecraft.item.minecraft:brown_glazed_terracotta_0","block":true},{"id":"minecraft:green_glazed_terracotta","metadata":0,"translationKey":"minecraft.item.minecraft:green_glazed_terracotta_0","block":true},{"id":"minecraft:red_glazed_terracotta","metadata":0,"translationKey":"minecraft.item.minecraft:red_glazed_terracotta_0","block":true},{"id":"minecraft:black_glazed_terracotta","metadata":0,"translationKey":"minecraft.item.minecraft:black_glazed_terracotta_0","block":true},{"id":"minecraft:concrete","metadata":0,"translationKey":"minecraft.item.minecraft:concrete_0","block":true},{"id":"minecraft:concrete","metadata":1,"translationKey":"minecraft.item.minecraft:concrete_1","block":true},{"id":"minecraft:concrete","metadata":2,"translationKey":"minecraft.item.minecraft:concrete_2","block":true},{"id":"minecraft:concrete","metadata":3,"translationKey":"minecraft.item.minecraft:concrete_3","block":true},{"id":"minecraft:concrete","metadata":4,"translationKey":"minecraft.item.minecraft:concrete_4","block":true},{"id":"minecraft:concrete","metadata":5,"translationKey":"minecraft.item.minecraft:concrete_5","block":true},{"id":"minecraft:concrete","metadata":6,"translationKey":"minecraft.item.minecraft:concrete_6","block":true},{"id":"minecraft:concrete","metadata":7,"translationKey":"minecraft.item.minecraft:concrete_7","block":true},{"id":"minecraft:concrete","metadata":8,"translationKey":"minecraft.item.minecraft:concrete_8","block":true},{"id":"minecraft:concrete","metadata":9,"translationKey":"minecraft.item.minecraft:concrete_9","block":true},{"id":"minecraft:concrete","metadata":10,"translationKey":"minecraft.item.minecraft:concrete_10","block":true},{"id":"minecraft:concrete","metadata":11,"translationKey":"minecraft.item.minecraft:concrete_11","block":true},{"id":"minecraft:concrete","metadata":12,"translationKey":"minecraft.item.minecraft:concrete_12","block":true},{"id":"minecraft:concrete","metadata":13,"translationKey":"minecraft.item.minecraft:concrete_13","block":true},{"id":"minecraft:concrete","metadata":14,"translationKey":"minecraft.item.minecraft:concrete_14","block":true},{"id":"minecraft:concrete","metadata":15,"translationKey":"minecraft.item.minecraft:concrete_15","block":true},{"id":"minecraft:concrete_powder","metadata":0,"translationKey":"minecraft.item.minecraft:concrete_powder_0","block":true},{"id":"minecraft:concrete_powder","metadata":1,"translationKey":"minecraft.item.minecraft:concrete_powder_1","block":true},{"id":"minecraft:concrete_powder","metadata":2,"translationKey":"minecraft.item.minecraft:concrete_powder_2","block":true},{"id":"minecraft:concrete_powder","metadata":3,"translationKey":"minecraft.item.minecraft:concrete_powder_3","block":true},{"id":"minecraft:concrete_powder","metadata":4,"translationKey":"minecraft.item.minecraft:concrete_powder_4","block":true},{"id":"minecraft:concrete_powder","metadata":5,"translationKey":"minecraft.item.minecraft:concrete_powder_5","block":true},{"id":"minecraft:concrete_powder","metadata":6,"translationKey":"minecraft.item.minecraft:concrete_powder_6","block":true},{"id":"minecraft:concrete_powder","metadata":7,"translationKey":"minecraft.item.minecraft:concrete_powder_7","block":true},{"id":"minecraft:concrete_powder","metadata":8,"translationKey":"minecraft.item.minecraft:concrete_powder_8","block":true},{"id":"minecraft:concrete_powder","metadata":9,"translationKey":"minecraft.item.minecraft:concrete_powder_9","block":true},{"id":"minecraft:concrete_powder","metadata":10,"translationKey":"minecraft.item.minecraft:concrete_powder_10","block":true},{"id":"minecraft:concrete_powder","metadata":11,"translationKey":"minecraft.item.minecraft:concrete_powder_11","block":true},{"id":"minecraft:concrete_powder","metadata":12,"translationKey":"minecraft.item.minecraft:concrete_powder_12","block":true},{"id":"minecraft:concrete_powder","metadata":13,"translationKey":"minecraft.item.minecraft:concrete_powder_13","block":true},{"id":"minecraft:concrete_powder","metadata":14,"translationKey":"minecraft.item.minecraft:concrete_powder_14","block":true},{"id":"minecraft:concrete_powder","metadata":15,"translationKey":"minecraft.item.minecraft:concrete_powder_15","block":true},{"id":"minecraft:structure_block","metadata":0,"translationKey":"minecraft.item.minecraft:structure_block_0","block":true},{"id":"minecraft:iron_shovel","metadata":0,"translationKey":"minecraft.item.minecraft:iron_shovel_0","block":false},{"id":"minecraft:iron_pickaxe","metadata":0,"translationKey":"minecraft.item.minecraft:iron_pickaxe_0","block":false},{"id":"minecraft:iron_axe","metadata":0,"translationKey":"minecraft.item.minecraft:iron_axe_0","block":false},{"id":"minecraft:flint_and_steel","metadata":0,"translationKey":"minecraft.item.minecraft:flint_and_steel_0","block":false},{"id":"minecraft:apple","metadata":0,"translationKey":"minecraft.item.minecraft:apple_0","block":false},{"id":"minecraft:bow","metadata":0,"translationKey":"minecraft.item.minecraft:bow_0","block":false},{"id":"minecraft:arrow","metadata":0,"translationKey":"minecraft.item.minecraft:arrow_0","block":false},{"id":"minecraft:coal","metadata":0,"translationKey":"minecraft.item.minecraft:coal_0","block":false},{"id":"minecraft:coal","metadata":1,"translationKey":"minecraft.item.minecraft:coal_1","block":false},{"id":"minecraft:diamond","metadata":0,"translationKey":"minecraft.item.minecraft:diamond_0","block":false},{"id":"minecraft:iron_ingot","metadata":0,"translationKey":"minecraft.item.minecraft:iron_ingot_0","block":false},{"id":"minecraft:gold_ingot","metadata":0,"translationKey":"minecraft.item.minecraft:gold_ingot_0","block":false},{"id":"minecraft:iron_sword","metadata":0,"translationKey":"minecraft.item.minecraft:iron_sword_0","block":false},{"id":"minecraft:wooden_sword","metadata":0,"translationKey":"minecraft.item.minecraft:wooden_sword_0","block":false},{"id":"minecraft:wooden_shovel","metadata":0,"translationKey":"minecraft.item.minecraft:wooden_shovel_0","block":false},{"id":"minecraft:wooden_pickaxe","metadata":0,"translationKey":"minecraft.item.minecraft:wooden_pickaxe_0","block":false},{"id":"minecraft:wooden_axe","metadata":0,"translationKey":"minecraft.item.minecraft:wooden_axe_0","block":false},{"id":"minecraft:stone_sword","metadata":0,"translationKey":"minecraft.item.minecraft:stone_sword_0","block":false},{"id":"minecraft:stone_shovel","metadata":0,"translationKey":"minecraft.item.minecraft:stone_shovel_0","block":false},{"id":"minecraft:stone_pickaxe","metadata":0,"translationKey":"minecraft.item.minecraft:stone_pickaxe_0","block":false},{"id":"minecraft:stone_axe","metadata":0,"translationKey":"minecraft.item.minecraft:stone_axe_0","block":false},{"id":"minecraft:diamond_sword","metadata":0,"translationKey":"minecraft.item.minecraft:diamond_sword_0","block":false},{"id":"minecraft:diamond_shovel","metadata":0,"translationKey":"minecraft.item.minecraft:diamond_shovel_0","block":false},{"id":"minecraft:diamond_pickaxe","metadata":0,"translationKey":"minecraft.item.minecraft:diamond_pickaxe_0","block":false},{"id":"minecraft:diamond_axe","metadata":0,"translationKey":"minecraft.item.minecraft:diamond_axe_0","block":false},{"id":"minecraft:stick","metadata":0,"translationKey":"minecraft.item.minecraft:stick_0","block":false},{"id":"minecraft:bowl","metadata":0,"translationKey":"minecraft.item.minecraft:bowl_0","block":false},{"id":"minecraft:mushroom_stew","metadata":0,"translationKey":"minecraft.item.minecraft:mushroom_stew_0","block":false},{"id":"minecraft:golden_sword","metadata":0,"translationKey":"minecraft.item.minecraft:golden_sword_0","block":false},{"id":"minecraft:golden_shovel","metadata":0,"translationKey":"minecraft.item.minecraft:golden_shovel_0","block":false},{"id":"minecraft:golden_pickaxe","metadata":0,"translationKey":"minecraft.item.minecraft:golden_pickaxe_0","block":false},{"id":"minecraft:golden_axe","metadata":0,"translationKey":"minecraft.item.minecraft:golden_axe_0","block":false},{"id":"minecraft:string","metadata":0,"translationKey":"minecraft.item.minecraft:string_0","block":false},{"id":"minecraft:feather","metadata":0,"translationKey":"minecraft.item.minecraft:feather_0","block":false},{"id":"minecraft:gunpowder","metadata":0,"translationKey":"minecraft.item.minecraft:gunpowder_0","block":false},{"id":"minecraft:wooden_hoe","metadata":0,"translationKey":"minecraft.item.minecraft:wooden_hoe_0","block":false},{"id":"minecraft:stone_hoe","metadata":0,"translationKey":"minecraft.item.minecraft:stone_hoe_0","block":false},{"id":"minecraft:iron_hoe","metadata":0,"translationKey":"minecraft.item.minecraft:iron_hoe_0","block":false},{"id":"minecraft:diamond_hoe","metadata":0,"translationKey":"minecraft.item.minecraft:diamond_hoe_0","block":false},{"id":"minecraft:golden_hoe","metadata":0,"translationKey":"minecraft.item.minecraft:golden_hoe_0","block":false},{"id":"minecraft:wheat_seeds","metadata":0,"translationKey":"minecraft.item.minecraft:wheat_seeds_0","block":false},{"id":"minecraft:wheat","metadata":0,"translationKey":"minecraft.item.minecraft:wheat_0","block":false},{"id":"minecraft:bread","metadata":0,"translationKey":"minecraft.item.minecraft:bread_0","block":false},{"id":"minecraft:leather_helmet","metadata":0,"translationKey":"minecraft.item.minecraft:leather_helmet_0","block":false},{"id":"minecraft:leather_chestplate","metadata":0,"translationKey":"minecraft.item.minecraft:leather_chestplate_0","block":false},{"id":"minecraft:leather_leggings","metadata":0,"translationKey":"minecraft.item.minecraft:leather_leggings_0","block":false},{"id":"minecraft:leather_boots","metadata":0,"translationKey":"minecraft.item.minecraft:leather_boots_0","block":false},{"id":"minecraft:chainmail_helmet","metadata":0,"translationKey":"minecraft.item.minecraft:chainmail_helmet_0","block":false},{"id":"minecraft:chainmail_chestplate","metadata":0,"translationKey":"minecraft.item.minecraft:chainmail_chestplate_0","block":false},{"id":"minecraft:chainmail_leggings","metadata":0,"translationKey":"minecraft.item.minecraft:chainmail_leggings_0","block":false},{"id":"minecraft:chainmail_boots","metadata":0,"translationKey":"minecraft.item.minecraft:chainmail_boots_0","block":false},{"id":"minecraft:iron_helmet","metadata":0,"translationKey":"minecraft.item.minecraft:iron_helmet_0","block":false},{"id":"minecraft:iron_chestplate","metadata":0,"translationKey":"minecraft.item.minecraft:iron_chestplate_0","block":false},{"id":"minecraft:iron_leggings","metadata":0,"translationKey":"minecraft.item.minecraft:iron_leggings_0","block":false},{"id":"minecraft:iron_boots","metadata":0,"translationKey":"minecraft.item.minecraft:iron_boots_0","block":false},{"id":"minecraft:diamond_helmet","metadata":0,"translationKey":"minecraft.item.minecraft:diamond_helmet_0","block":false},{"id":"minecraft:diamond_chestplate","metadata":0,"translationKey":"minecraft.item.minecraft:diamond_chestplate_0","block":false},{"id":"minecraft:diamond_leggings","metadata":0,"translationKey":"minecraft.item.minecraft:diamond_leggings_0","block":false},{"id":"minecraft:diamond_boots","metadata":0,"translationKey":"minecraft.item.minecraft:diamond_boots_0","block":false},{"id":"minecraft:golden_helmet","metadata":0,"translationKey":"minecraft.item.minecraft:golden_helmet_0","block":false},{"id":"minecraft:golden_chestplate","metadata":0,"translationKey":"minecraft.item.minecraft:golden_chestplate_0","block":false},{"id":"minecraft:golden_leggings","metadata":0,"translationKey":"minecraft.item.minecraft:golden_leggings_0","block":false},{"id":"minecraft:golden_boots","metadata":0,"translationKey":"minecraft.item.minecraft:golden_boots_0","block":false},{"id":"minecraft:flint","metadata":0,"translationKey":"minecraft.item.minecraft:flint_0","block":false},{"id":"minecraft:porkchop","metadata":0,"translationKey":"minecraft.item.minecraft:porkchop_0","block":false},{"id":"minecraft:cooked_porkchop","metadata":0,"translationKey":"minecraft.item.minecraft:cooked_porkchop_0","block":false},{"id":"minecraft:painting","metadata":0,"translationKey":"minecraft.item.minecraft:painting_0","block":false},{"id":"minecraft:golden_apple","metadata":0,"translationKey":"minecraft.item.minecraft:golden_apple_0","block":false},{"id":"minecraft:golden_apple","metadata":1,"translationKey":"minecraft.item.minecraft:golden_apple_1","block":false},{"id":"minecraft:sign","metadata":0,"translationKey":"minecraft.item.minecraft:sign_0","block":false},{"id":"minecraft:wooden_door","metadata":0,"translationKey":"minecraft.item.minecraft:wooden_door_0","block":false},{"id":"minecraft:bucket","metadata":0,"translationKey":"minecraft.item.minecraft:bucket_0","block":false},{"id":"minecraft:water_bucket","metadata":0,"translationKey":"minecraft.item.minecraft:water_bucket_0","block":false},{"id":"minecraft:lava_bucket","metadata":0,"translationKey":"minecraft.item.minecraft:lava_bucket_0","block":false},{"id":"minecraft:minecart","metadata":0,"translationKey":"minecraft.item.minecraft:minecart_0","block":false},{"id":"minecraft:saddle","metadata":0,"translationKey":"minecraft.item.minecraft:saddle_0","block":false},{"id":"minecraft:iron_door","metadata":0,"translationKey":"minecraft.item.minecraft:iron_door_0","block":false},{"id":"minecraft:redstone","metadata":0,"translationKey":"minecraft.item.minecraft:redstone_0","block":false},{"id":"minecraft:snowball","metadata":0,"translationKey":"minecraft.item.minecraft:snowball_0","block":false},{"id":"minecraft:boat","metadata":0,"translationKey":"minecraft.item.minecraft:boat_0","block":false},{"id":"minecraft:leather","metadata":0,"translationKey":"minecraft.item.minecraft:leather_0","block":false},{"id":"minecraft:milk_bucket","metadata":0,"translationKey":"minecraft.item.minecraft:milk_bucket_0","block":false},{"id":"minecraft:brick","metadata":0,"translationKey":"minecraft.item.minecraft:brick_0","block":false},{"id":"minecraft:clay_ball","metadata":0,"translationKey":"minecraft.item.minecraft:clay_ball_0","block":false},{"id":"minecraft:reeds","metadata":0,"translationKey":"minecraft.item.minecraft:reeds_0","block":false},{"id":"minecraft:paper","metadata":0,"translationKey":"minecraft.item.minecraft:paper_0","block":false},{"id":"minecraft:book","metadata":0,"translationKey":"minecraft.item.minecraft:book_0","block":false},{"id":"minecraft:slime_ball","metadata":0,"translationKey":"minecraft.item.minecraft:slime_ball_0","block":false},{"id":"minecraft:chest_minecart","metadata":0,"translationKey":"minecraft.item.minecraft:chest_minecart_0","block":false},{"id":"minecraft:furnace_minecart","metadata":0,"translationKey":"minecraft.item.minecraft:furnace_minecart_0","block":false},{"id":"minecraft:egg","metadata":0,"translationKey":"minecraft.item.minecraft:egg_0","block":false},{"id":"minecraft:compass","metadata":0,"translationKey":"minecraft.item.minecraft:compass_0","block":false},{"id":"minecraft:fishing_rod","metadata":0,"translationKey":"minecraft.item.minecraft:fishing_rod_0","block":false},{"id":"minecraft:clock","metadata":0,"translationKey":"minecraft.item.minecraft:clock_0","block":false},{"id":"minecraft:glowstone_dust","metadata":0,"translationKey":"minecraft.item.minecraft:glowstone_dust_0","block":false},{"id":"minecraft:fish","metadata":0,"translationKey":"minecraft.item.minecraft:fish_0","block":false},{"id":"minecraft:fish","metadata":1,"translationKey":"minecraft.item.minecraft:fish_1","block":false},{"id":"minecraft:fish","metadata":2,"translationKey":"minecraft.item.minecraft:fish_2","block":false},{"id":"minecraft:fish","metadata":3,"translationKey":"minecraft.item.minecraft:fish_3","block":false},{"id":"minecraft:cooked_fish","metadata":0,"translationKey":"minecraft.item.minecraft:cooked_fish_0","block":false},{"id":"minecraft:cooked_fish","metadata":1,"translationKey":"minecraft.item.minecraft:cooked_fish_1","block":false},{"id":"minecraft:dye","metadata":0,"translationKey":"minecraft.item.minecraft:dye_0","block":false},{"id":"minecraft:dye","metadata":1,"translationKey":"minecraft.item.minecraft:dye_1","block":false},{"id":"minecraft:dye","metadata":2,"translationKey":"minecraft.item.minecraft:dye_2","block":false},{"id":"minecraft:dye","metadata":3,"translationKey":"minecraft.item.minecraft:dye_3","block":false},{"id":"minecraft:dye","metadata":4,"translationKey":"minecraft.item.minecraft:dye_4","block":false},{"id":"minecraft:dye","metadata":5,"translationKey":"minecraft.item.minecraft:dye_5","block":false},{"id":"minecraft:dye","metadata":6,"translationKey":"minecraft.item.minecraft:dye_6","block":false},{"id":"minecraft:dye","metadata":7,"translationKey":"minecraft.item.minecraft:dye_7","block":false},{"id":"minecraft:dye","metadata":8,"translationKey":"minecraft.item.minecraft:dye_8","block":false},{"id":"minecraft:dye","metadata":9,"translationKey":"minecraft.item.minecraft:dye_9","block":false},{"id":"minecraft:dye","metadata":10,"translationKey":"minecraft.item.minecraft:dye_10","block":false},{"id":"minecraft:dye","metadata":11,"translationKey":"minecraft.item.minecraft:dye_11","block":false},{"id":"minecraft:dye","metadata":12,"translationKey":"minecraft.item.minecraft:dye_12","block":false},{"id":"minecraft:dye","metadata":13,"translationKey":"minecraft.item.minecraft:dye_13","block":false},{"id":"minecraft:dye","metadata":14,"translationKey":"minecraft.item.minecraft:dye_14","block":false},{"id":"minecraft:dye","metadata":15,"translationKey":"minecraft.item.minecraft:dye_15","block":false},{"id":"minecraft:bone","metadata":0,"translationKey":"minecraft.item.minecraft:bone_0","block":false},{"id":"minecraft:sugar","metadata":0,"translationKey":"minecraft.item.minecraft:sugar_0","block":false},{"id":"minecraft:cake","metadata":0,"translationKey":"minecraft.item.minecraft:cake_0","block":false},{"id":"minecraft:bed","metadata":0,"translationKey":"minecraft.item.minecraft:bed_0","block":false},{"id":"minecraft:bed","metadata":1,"translationKey":"minecraft.item.minecraft:bed_1","block":false},{"id":"minecraft:bed","metadata":2,"translationKey":"minecraft.item.minecraft:bed_2","block":false},{"id":"minecraft:bed","metadata":3,"translationKey":"minecraft.item.minecraft:bed_3","block":false},{"id":"minecraft:bed","metadata":4,"translationKey":"minecraft.item.minecraft:bed_4","block":false},{"id":"minecraft:bed","metadata":5,"translationKey":"minecraft.item.minecraft:bed_5","block":false},{"id":"minecraft:bed","metadata":6,"translationKey":"minecraft.item.minecraft:bed_6","block":false},{"id":"minecraft:bed","metadata":7,"translationKey":"minecraft.item.minecraft:bed_7","block":false},{"id":"minecraft:bed","metadata":8,"translationKey":"minecraft.item.minecraft:bed_8","block":false},{"id":"minecraft:bed","metadata":9,"translationKey":"minecraft.item.minecraft:bed_9","block":false},{"id":"minecraft:bed","metadata":10,"translationKey":"minecraft.item.minecraft:bed_10","block":false},{"id":"minecraft:bed","metadata":11,"translationKey":"minecraft.item.minecraft:bed_11","block":false},{"id":"minecraft:bed","metadata":12,"translationKey":"minecraft.item.minecraft:bed_12","block":false},{"id":"minecraft:bed","metadata":13,"translationKey":"minecraft.item.minecraft:bed_13","block":false},{"id":"minecraft:bed","metadata":14,"translationKey":"minecraft.item.minecraft:bed_14","block":false},{"id":"minecraft:bed","metadata":15,"translationKey":"minecraft.item.minecraft:bed_15","block":false},{"id":"minecraft:repeater","metadata":0,"translationKey":"minecraft.item.minecraft:repeater_0","block":false},{"id":"minecraft:cookie","metadata":0,"translationKey":"minecraft.item.minecraft:cookie_0","block":false},{"id":"minecraft:filled_map","metadata":0,"translationKey":"minecraft.item.minecraft:filled_map_0","block":false},{"id":"minecraft:shears","metadata":0,"translationKey":"minecraft.item.minecraft:shears_0","block":false},{"id":"minecraft:melon","metadata":0,"translationKey":"minecraft.item.minecraft:melon_0","block":false},{"id":"minecraft:pumpkin_seeds","metadata":0,"translationKey":"minecraft.item.minecraft:pumpkin_seeds_0","block":false},{"id":"minecraft:melon_seeds","metadata":0,"translationKey":"minecraft.item.minecraft:melon_seeds_0","block":false},{"id":"minecraft:beef","metadata":0,"translationKey":"minecraft.item.minecraft:beef_0","block":false},{"id":"minecraft:cooked_beef","metadata":0,"translationKey":"minecraft.item.minecraft:cooked_beef_0","block":false},{"id":"minecraft:chicken","metadata":0,"translationKey":"minecraft.item.minecraft:chicken_0","block":false},{"id":"minecraft:cooked_chicken","metadata":0,"translationKey":"minecraft.item.minecraft:cooked_chicken_0","block":false},{"id":"minecraft:rotten_flesh","metadata":0,"translationKey":"minecraft.item.minecraft:rotten_flesh_0","block":false},{"id":"minecraft:ender_pearl","metadata":0,"translationKey":"minecraft.item.minecraft:ender_pearl_0","block":false},{"id":"minecraft:blaze_rod","metadata":0,"translationKey":"minecraft.item.minecraft:blaze_rod_0","block":false},{"id":"minecraft:ghast_tear","metadata":0,"translationKey":"minecraft.item.minecraft:ghast_tear_0","block":false},{"id":"minecraft:gold_nugget","metadata":0,"translationKey":"minecraft.item.minecraft:gold_nugget_0","block":false},{"id":"minecraft:nether_wart","metadata":0,"translationKey":"minecraft.item.minecraft:nether_wart_0","block":false},{"id":"minecraft:potion","metadata":0,"translationKey":"minecraft.item.minecraft:potion_0","block":false},{"id":"minecraft:glass_bottle","metadata":0,"translationKey":"minecraft.item.minecraft:glass_bottle_0","block":false},{"id":"minecraft:spider_eye","metadata":0,"translationKey":"minecraft.item.minecraft:spider_eye_0","block":false},{"id":"minecraft:fermented_spider_eye","metadata":0,"translationKey":"minecraft.item.minecraft:fermented_spider_eye_0","block":false},{"id":"minecraft:blaze_powder","metadata":0,"translationKey":"minecraft.item.minecraft:blaze_powder_0","block":false},{"id":"minecraft:magma_cream","metadata":0,"translationKey":"minecraft.item.minecraft:magma_cream_0","block":false},{"id":"minecraft:brewing_stand","metadata":0,"translationKey":"minecraft.item.minecraft:brewing_stand_0","block":false},{"id":"minecraft:cauldron","metadata":0,"translationKey":"minecraft.item.minecraft:cauldron_0","block":false},{"id":"minecraft:ender_eye","metadata":0,"translationKey":"minecraft.item.minecraft:ender_eye_0","block":false},{"id":"minecraft:speckled_melon","metadata":0,"translationKey":"minecraft.item.minecraft:speckled_melon_0","block":false},{"id":"minecraft:spawn_egg","metadata":0,"translationKey":"minecraft.item.minecraft:spawn_egg_0","block":false},{"id":"minecraft:experience_bottle","metadata":0,"translationKey":"minecraft.item.minecraft:experience_bottle_0","block":false},{"id":"minecraft:fire_charge","metadata":0,"translationKey":"minecraft.item.minecraft:fire_charge_0","block":false},{"id":"minecraft:writable_book","metadata":0,"translationKey":"minecraft.item.minecraft:writable_book_0","block":false},{"id":"minecraft:written_book","metadata":0,"translationKey":"minecraft.item.minecraft:written_book_0","block":false},{"id":"minecraft:emerald","metadata":0,"translationKey":"minecraft.item.minecraft:emerald_0","block":false},{"id":"minecraft:item_frame","metadata":0,"translationKey":"minecraft.item.minecraft:item_frame_0","block":false},{"id":"minecraft:flower_pot","metadata":0,"translationKey":"minecraft.item.minecraft:flower_pot_0","block":false},{"id":"minecraft:carrot","metadata":0,"translationKey":"minecraft.item.minecraft:carrot_0","block":false},{"id":"minecraft:potato","metadata":0,"translationKey":"minecraft.item.minecraft:potato_0","block":false},{"id":"minecraft:baked_potato","metadata":0,"translationKey":"minecraft.item.minecraft:baked_potato_0","block":false},{"id":"minecraft:poisonous_potato","metadata":0,"translationKey":"minecraft.item.minecraft:poisonous_potato_0","block":false},{"id":"minecraft:map","metadata":0,"translationKey":"minecraft.item.minecraft:map_0","block":false},{"id":"minecraft:golden_carrot","metadata":0,"translationKey":"minecraft.item.minecraft:golden_carrot_0","block":false},{"id":"minecraft:skull","metadata":0,"translationKey":"minecraft.item.minecraft:skull_0","block":false},{"id":"minecraft:skull","metadata":1,"translationKey":"minecraft.item.minecraft:skull_1","block":false},{"id":"minecraft:skull","metadata":2,"translationKey":"minecraft.item.minecraft:skull_2","block":false},{"id":"minecraft:skull","metadata":3,"translationKey":"minecraft.item.minecraft:skull_3","block":false},{"id":"minecraft:skull","metadata":4,"translationKey":"minecraft.item.minecraft:skull_4","block":false},{"id":"minecraft:skull","metadata":5,"translationKey":"minecraft.item.minecraft:skull_5","block":false},{"id":"minecraft:carrot_on_a_stick","metadata":0,"translationKey":"minecraft.item.minecraft:carrot_on_a_stick_0","block":false},{"id":"minecraft:nether_star","metadata":0,"translationKey":"minecraft.item.minecraft:nether_star_0","block":false},{"id":"minecraft:pumpkin_pie","metadata":0,"translationKey":"minecraft.item.minecraft:pumpkin_pie_0","block":false},{"id":"minecraft:fireworks","metadata":0,"translationKey":"minecraft.item.minecraft:fireworks_0","block":false},{"id":"minecraft:firework_charge","metadata":0,"translationKey":"minecraft.item.minecraft:firework_charge_0","block":false},{"id":"minecraft:enchanted_book","metadata":0,"translationKey":"minecraft.item.minecraft:enchanted_book_0","block":false},{"id":"minecraft:comparator","metadata":0,"translationKey":"minecraft.item.minecraft:comparator_0","block":false},{"id":"minecraft:netherbrick","metadata":0,"translationKey":"minecraft.item.minecraft:netherbrick_0","block":false},{"id":"minecraft:quartz","metadata":0,"translationKey":"minecraft.item.minecraft:quartz_0","block":false},{"id":"minecraft:tnt_minecart","metadata":0,"translationKey":"minecraft.item.minecraft:tnt_minecart_0","block":false},{"id":"minecraft:hopper_minecart","metadata":0,"translationKey":"minecraft.item.minecraft:hopper_minecart_0","block":false},{"id":"minecraft:prismarine_shard","metadata":0,"translationKey":"minecraft.item.minecraft:prismarine_shard_0","block":false},{"id":"minecraft:prismarine_crystals","metadata":0,"translationKey":"minecraft.item.minecraft:prismarine_crystals_0","block":false},{"id":"minecraft:rabbit","metadata":0,"translationKey":"minecraft.item.minecraft:rabbit_0","block":false},{"id":"minecraft:cooked_rabbit","metadata":0,"translationKey":"minecraft.item.minecraft:cooked_rabbit_0","block":false},{"id":"minecraft:rabbit_stew","metadata":0,"translationKey":"minecraft.item.minecraft:rabbit_stew_0","block":false},{"id":"minecraft:rabbit_foot","metadata":0,"translationKey":"minecraft.item.minecraft:rabbit_foot_0","block":false},{"id":"minecraft:rabbit_hide","metadata":0,"translationKey":"minecraft.item.minecraft:rabbit_hide_0","block":false},{"id":"minecraft:armor_stand","metadata":0,"translationKey":"minecraft.item.minecraft:armor_stand_0","block":false},{"id":"minecraft:iron_horse_armor","metadata":0,"translationKey":"minecraft.item.minecraft:iron_horse_armor_0","block":false},{"id":"minecraft:golden_horse_armor","metadata":0,"translationKey":"minecraft.item.minecraft:golden_horse_armor_0","block":false},{"id":"minecraft:diamond_horse_armor","metadata":0,"translationKey":"minecraft.item.minecraft:diamond_horse_armor_0","block":false},{"id":"minecraft:lead","metadata":0,"translationKey":"minecraft.item.minecraft:lead_0","block":false},{"id":"minecraft:name_tag","metadata":0,"translationKey":"minecraft.item.minecraft:name_tag_0","block":false},{"id":"minecraft:command_block_minecart","metadata":0,"translationKey":"minecraft.item.minecraft:command_block_minecart_0","block":false},{"id":"minecraft:mutton","metadata":0,"translationKey":"minecraft.item.minecraft:mutton_0","block":false},{"id":"minecraft:cooked_mutton","metadata":0,"translationKey":"minecraft.item.minecraft:cooked_mutton_0","block":false},{"id":"minecraft:banner","metadata":15,"translationKey":"minecraft.item.minecraft:banner_15","block":true},{"id":"minecraft:banner","metadata":14,"translationKey":"minecraft.item.minecraft:banner_14","block":true},{"id":"minecraft:banner","metadata":13,"translationKey":"minecraft.item.minecraft:banner_13","block":true},{"id":"minecraft:banner","metadata":12,"translationKey":"minecraft.item.minecraft:banner_12","block":true},{"id":"minecraft:banner","metadata":11,"translationKey":"minecraft.item.minecraft:banner_11","block":true},{"id":"minecraft:banner","metadata":10,"translationKey":"minecraft.item.minecraft:banner_10","block":true},{"id":"minecraft:banner","metadata":9,"translationKey":"minecraft.item.minecraft:banner_9","block":true},{"id":"minecraft:banner","metadata":8,"translationKey":"minecraft.item.minecraft:banner_8","block":true},{"id":"minecraft:banner","metadata":7,"translationKey":"minecraft.item.minecraft:banner_7","block":true},{"id":"minecraft:banner","metadata":6,"translationKey":"minecraft.item.minecraft:banner_6","block":true},{"id":"minecraft:banner","metadata":5,"translationKey":"minecraft.item.minecraft:banner_5","block":true},{"id":"minecraft:banner","metadata":4,"translationKey":"minecraft.item.minecraft:banner_4","block":true},{"id":"minecraft:banner","metadata":3,"translationKey":"minecraft.item.minecraft:banner_3","block":true},{"id":"minecraft:banner","metadata":2,"translationKey":"minecraft.item.minecraft:banner_2","block":true},{"id":"minecraft:banner","metadata":1,"translationKey":"minecraft.item.minecraft:banner_1","block":true},{"id":"minecraft:banner","metadata":0,"translationKey":"minecraft.item.minecraft:banner_0","block":true},{"id":"minecraft:end_crystal","metadata":0,"translationKey":"minecraft.item.minecraft:end_crystal_0","block":false},{"id":"minecraft:spruce_door","metadata":0,"translationKey":"minecraft.item.minecraft:spruce_door_0","block":false},{"id":"minecraft:birch_door","metadata":0,"translationKey":"minecraft.item.minecraft:birch_door_0","block":false},{"id":"minecraft:jungle_door","metadata":0,"translationKey":"minecraft.item.minecraft:jungle_door_0","block":false},{"id":"minecraft:acacia_door","metadata":0,"translationKey":"minecraft.item.minecraft:acacia_door_0","block":false},{"id":"minecraft:dark_oak_door","metadata":0,"translationKey":"minecraft.item.minecraft:dark_oak_door_0","block":false},{"id":"minecraft:chorus_fruit","metadata":0,"translationKey":"minecraft.item.minecraft:chorus_fruit_0","block":false},{"id":"minecraft:chorus_fruit_popped","metadata":0,"translationKey":"minecraft.item.minecraft:chorus_fruit_popped_0","block":false},{"id":"minecraft:beetroot","metadata":0,"translationKey":"minecraft.item.minecraft:beetroot_0","block":false},{"id":"minecraft:beetroot_seeds","metadata":0,"translationKey":"minecraft.item.minecraft:beetroot_seeds_0","block":false},{"id":"minecraft:beetroot_soup","metadata":0,"translationKey":"minecraft.item.minecraft:beetroot_soup_0","block":false},{"id":"minecraft:dragon_breath","metadata":0,"translationKey":"minecraft.item.minecraft:dragon_breath_0","block":false},{"id":"minecraft:splash_potion","metadata":0,"translationKey":"minecraft.item.minecraft:splash_potion_0","block":false},{"id":"minecraft:spectral_arrow","metadata":0,"translationKey":"minecraft.item.minecraft:spectral_arrow_0","block":false},{"id":"minecraft:tipped_arrow","metadata":0,"translationKey":"minecraft.item.minecraft:tipped_arrow_0","block":false},{"id":"minecraft:lingering_potion","metadata":0,"translationKey":"minecraft.item.minecraft:lingering_potion_0","block":false},{"id":"minecraft:shield","metadata":0,"translationKey":"minecraft.item.minecraft:shield_0","block":false},{"id":"minecraft:elytra","metadata":0,"translationKey":"minecraft.item.minecraft:elytra_0","block":false},{"id":"minecraft:spruce_boat","metadata":0,"translationKey":"minecraft.item.minecraft:spruce_boat_0","block":false},{"id":"minecraft:birch_boat","metadata":0,"translationKey":"minecraft.item.minecraft:birch_boat_0","block":false},{"id":"minecraft:jungle_boat","metadata":0,"translationKey":"minecraft.item.minecraft:jungle_boat_0","block":false},{"id":"minecraft:acacia_boat","metadata":0,"translationKey":"minecraft.item.minecraft:acacia_boat_0","block":false},{"id":"minecraft:dark_oak_boat","metadata":0,"translationKey":"minecraft.item.minecraft:dark_oak_boat_0","block":false},{"id":"minecraft:totem_of_undying","metadata":0,"translationKey":"minecraft.item.minecraft:totem_of_undying_0","block":false},{"id":"minecraft:shulker_shell","metadata":0,"translationKey":"minecraft.item.minecraft:shulker_shell_0","block":false},{"id":"minecraft:iron_nugget","metadata":0,"translationKey":"minecraft.item.minecraft:iron_nugget_0","block":false},{"id":"minecraft:knowledge_book","metadata":0,"translationKey":"minecraft.item.minecraft:knowledge_book_0","block":false},{"id":"minecraft:record_13","metadata":0,"translationKey":"minecraft.item.minecraft:record_13_0","block":false},{"id":"minecraft:record_cat","metadata":0,"translationKey":"minecraft.item.minecraft:record_cat_0","block":false},{"id":"minecraft:record_blocks","metadata":0,"translationKey":"minecraft.item.minecraft:record_blocks_0","block":false},{"id":"minecraft:record_chirp","metadata":0,"translationKey":"minecraft.item.minecraft:record_chirp_0","block":false},{"id":"minecraft:record_far","metadata":0,"translationKey":"minecraft.item.minecraft:record_far_0","block":false},{"id":"minecraft:record_mall","metadata":0,"translationKey":"minecraft.item.minecraft:record_mall_0","block":false},{"id":"minecraft:record_mellohi","metadata":0,"translationKey":"minecraft.item.minecraft:record_mellohi_0","block":false},{"id":"minecraft:record_stal","metadata":0,"translationKey":"minecraft.item.minecraft:record_stal_0","block":false},{"id":"minecraft:record_strad","metadata":0,"translationKey":"minecraft.item.minecraft:record_strad_0","block":false},{"id":"minecraft:record_ward","metadata":0,"translationKey":"minecraft.item.minecraft:record_ward_0","block":false},{"id":"minecraft:record_11","metadata":0,"translationKey":"minecraft.item.minecraft:record_11_0","block":false},{"id":"minecraft:record_wait","metadata":0,"translationKey":"minecraft.item.minecraft:record_wait_0","block":false}]