[{"id":"minecraft:air","translationKey":"mapColor.minecraft.air","icon":{"id":"minecraft:air","metadata":0}},{"id":"minecraft:grass","translationKey":"mapColor.minecraft.grass","icon":{"id":"minecraft:grass","metadata":0}},{"id":"minecraft:sand","translationKey":"mapColor.minecraft.sand","icon":{"id":"minecraft:sand","metadata":0}},{"id":"minecraft:cloth","translationKey":"mapColor.minecraft.cloth","icon":{"id":"minecraft:wool","metadata":0}},{"id":"minecraft:tnt","translationKey":"mapColor.minecraft.tnt","icon":{"id":"minecraft:tnt","metadata":0}},{"id":"minecraft:ice","translationKey":"mapColor.minecraft.ice","icon":{"id":"minecraft:ice","metadata":0}},{"id":"minecraft:iron","translationKey":"mapColor.minecraft.iron","icon":{"id":"minecraft:iron_block","metadata":0}},{"id":"minecraft:foliage","translationKey":"mapColor.minecraft.foliage","icon":{"id":"minecraft:leaves","metadata":0}},{"id":"minecraft:snow","translationKey":"mapColor.minecraft.snow","icon":{"id":"minecraft:snow","metadata":0}},{"id":"minecraft:clay","translationKey":"mapColor.minecraft.clay","icon":{"id":"minecraft:clay","metadata":0}},{"id":"minecraft:dirt","translationKey":"mapColor.minecraft.dirt","icon":{"id":"minecraft:dirt","metadata":0}},{"id":"minecraft:stone","translationKey":"mapColor.minecraft.stone","icon":{"id":"minecraft:stone","metadata":0}},{"id":"minecraft:water","translationKey":"mapColor.minecraft.water","icon":{"id":"minecraft:water","metadata":0}},{"id":"minecraft:wood","translationKey":"mapColor.minecraft.wood","icon":{"id":"minecraft:log","metadata":0}},{"id":"minecraft:quartz","translationKey":"mapColor.minecraft.quartz","icon":{"id":"minecraft:quartz_block","metadata":0}},{"id":"minecraft:adobe","translationKey":"mapColor.minecraft.adobe","icon":{"id":"minecraft:wool","metadata":1}},{"id":"minecraft:magenta","translationKey":"mapColor.minecraft.magenta","icon":{"id":"minecraft:wool","metadata":2}},{"id":"minecraft:light_blue","translationKey":"mapColor.minecraft.light_blue","icon":{"id":"minecraft:wool","metadata":3}},{"id":"minecraft:yellow","translationKey":"mapColor.minecraft.yellow","icon":{"id":"minecraft:wool","metadata":4}},{"id":"minecraft:lime","translationKey":"mapColor.minecraft.lime","icon":{"id":"minecraft:wool","metadata":5}},{"id":"minecraft:pink","translationKey":"mapColor.minecraft.pink","icon":{"id":"minecraft:wool","metadata":6}},{"id":"minecraft:gray","translationKey":"mapColor.minecraft.gray","icon":{"id":"minecraft:wool","metadata":7}},{"id":"minecraft:silver","translationKey":"mapColor.minecraft.silver","icon":{"id":"minecraft:wool","metadata":8}},{"id":"minecraft:cyan","translationKey":"mapColor.minecraft.cyan","icon":{"id":"minecraft:wool","metadata":9}},{"id":"minecraft:purple","translationKey":"mapColor.minecraft.purple","icon":{"id":"minecraft:wool","metadata":10}},{"id":"minecraft:blue","translationKey":"mapColor.minecraft.blue","icon":{"id":"minecraft:wool","metadata":11}},{"id":"minecraft:brown","translationKey":"mapColor.minecraft.brown","icon":{"id":"minecraft:wool","metadata":12}},{"id":"minecraft:green","translationKey":"mapColor.minecraft.green","icon":{"id":"minecraft:wool","metadata":13}},{"id":"minecraft:red","translationKey":"mapColor.minecraft.red","icon":{"id":"minecraft:wool","metadata":14}},{"id":"minecraft:black","translationKey":"mapColor.minecraft.black","icon":{"id":"minecraft:wool","metadata":15}},{"id":"minecraft:gold","translationKey":"mapColor.minecraft.gold","icon":{"id":"minecraft:gold_block","metadata":0}},{"id":"minecraft:diamond","translationKey":"mapColor.minecraft.diamond","icon":{"id":"minecraft:diamond_block","metadata":0}},{"id":"minecraft:lapis","translationKey":"mapColor.minecraft.lapis","icon":{"id":"minecraft:lapis_block","metadata":0}},{"id":"minecraft:emerald","translationKey":"mapColor.minecraft.emerald","icon":{"id":"minecraft:emerald_block","metadata":0}},{"id":"minecraft:obsidian","translationKey":"mapColor.minecraft.obsidian","icon":{"id":"minecraft:obsidian","metadata":0}},{"id":"minecraft:netherrack","translationKey":"mapColor.minecraft.netherrack","icon":{"id":"minecraft:netherrack","metadata":0}},{"id":"minecraft:white_stained_hardened_clay","translationKey":"mapColor.minecraft.white_stained_hardened_clay","icon":{"id":"minecraft:stained_hardened_clay","metadata":0}},{"id":"minecraft:orange_stained_hardened_clay","translationKey":"mapColor.minecraft.orange_stained_hardened_clay","icon":{"id":"minecraft:stained_hardened_clay","metadata":1}},{"id":"minecraft:magenta_stained_hardened_clay","translationKey":"mapColor.minecraft.magenta_stained_hardened_clay","icon":{"id":"minecraft:stained_hardened_clay","metadata":2}},{"id":"minecraft:light_blue_stained_hardened_clay","translationKey":"mapColor.minecraft.light_blue_stained_hardened_clay","icon":{"id":"minecraft:stained_hardened_clay","metadata":3}},{"id":"minecraft:yellow_stained_hardened_clay","translationKey":"mapColor.minecraft.yellow_stained_hardened_clay","icon":{"id":"minecraft:stained_hardened_clay","metadata":4}},{"id":"minecraft:lime_stained_hardened_clay","translationKey":"mapColor.minecraft.lime_stained_hardened_clay","icon":{"id":"minecraft:stained_hardened_clay","metadata":5}},{"id":"minecraft:pink_stained_hardened_clay","translationKey":"mapColor.minecraft.pink_stained_hardened_clay","icon":{"id":"minecraft:stained_hardened_clay","metadata":6}},{"id":"minecraft:gray_stained_hardened_clay","translationKey":"mapColor.minecraft.gray_stained_hardened_clay","icon":{"id":"minecraft:stained_hardened_clay","metadata":7}},{"id":"minecraft:silver_stained_hardened_clay","translationKey":"mapColor.minecraft.silver_stained_hardened_clay","icon":{"id":"minecraft:stained_hardened_clay","metadata":8}},{"id":"minecraft:cyan_stained_hardened_clay","translationKey":"mapColor.minecraft.cyan_stained_hardened_clay","icon":{"id":"minecraft:stained_hardened_clay","metadata":9}},{"id":"minecraft:purple_stained_hardened_clay","translationKey":"mapColor.minecraft.purple_stained_hardened_clay","icon":{"id":"minecraft:stained_hardened_clay","metadata":10}},{"id":"minecraft:blue_stained_hardened_clay","translationKey":"mapColor.minecraft.blue_stained_hardened_clay","icon":{"id":"minecraft:stained_hardened_clay","metadata":11}},{"id":"minecraft:brown_stained_hardened_clay","translationKey":"mapColor.minecraft.brown_stained_hardened_clay","icon":{"id":"minecraft:stained_hardened_clay","metadata":12}},{"id":"minecraft:green_stained_hardened_clay","translationKey":"mapColor.minecraft.green_stained_hardened_clay","icon":{"id":"minecraft:stained_hardened_clay","metadata":13}},{"id":"minecraft:red_stained_hardened_clay","translationKey":"mapColor.minecraft.red_stained_hardened_clay","icon":{"id":"minecraft:stained_hardened_clay","metadata":14}},{"id":"minecraft:black_stained_hardened_clay","translationKey":"mapColor.minecraft.black_stained_hardened_clay","icon":{"id":"minecraft:stained_hardened_clay","metadata":15}}]