[{"id":"minecraft:air","translationKey":"material.minecraft.air","icon":{"id":"minecraft:air","metadata":0}},{"id":"minecraft:grass","translationKey":"material.minecraft.grass","icon":{"id":"minecraft:grass","metadata":0}},{"id":"minecraft:ground","translationKey":"material.minecraft.ground","icon":{"id":"minecraft:dirt","metadata":0}},{"id":"minecraft:wood","translationKey":"material.minecraft.wood","icon":{"id":"minecraft:log","metadata":0}},{"id":"minecraft:rock","translationKey":"material.minecraft.rock","icon":{"id":"minecraft:stone","metadata":0}},{"id":"minecraft:iron","translationKey":"material.minecraft.iron","icon":{"id":"minecraft:iron_block","metadata":0}},{"id":"minecraft:anvil","translationKey":"material.minecraft.anvil","icon":{"id":"minecraft:anvil","metadata":0}},{"id":"minecraft:water","translationKey":"material.minecraft.water","icon":{"id":"minecraft:water","metadata":0}},{"id":"minecraft:lava","translationKey":"material.minecraft.lava","icon":{"id":"minecraft:lava","metadata":0}},{"id":"minecraft:leaves","translationKey":"material.minecraft.leaves","icon":{"id":"minecraft:leaves","metadata":0}},{"id":"minecraft:plants","translationKey":"material.minecraft.plants","icon":{"id":"minecraft:planks","metadata":0}},{"id":"minecraft:vine","translationKey":"material.minecraft.vine","icon":{"id":"minecraft:vine","metadata":0}},{"id":"minecraft:sponge","translationKey":"material.minecraft.sponge","icon":{"id":"minecraft:sponge","metadata":0}},{"id":"minecraft:cloth","translationKey":"material.minecraft.cloth","icon":{"id":"minecraft:wool","metadata":0}},{"id":"minecraft:fire","translationKey":"material.minecraft.fire","icon":{"id":"minecraft:fire","metadata":0}},{"id":"minecraft:sand","translationKey":"material.minecraft.sand","icon":{"id":"minecraft:sand","metadata":0}},{"id":"minecraft:circuits","translationKey":"material.minecraft.circuits","icon":{"id":"minecraft:redstone","metadata":0}},{"id":"minecraft:carpet","translationKey":"material.minecraft.carpet","icon":{"id":"minecraft:carpet","metadata":0}},{"id":"minecraft:glass","translationKey":"material.minecraft.glass","icon":{"id":"minecraft:glass","metadata":0}},{"id":"minecraft:redstone_light","translationKey":"material.minecraft.redstone_light","icon":{"id":"minecraft:redstone_lamp","metadata":0}},{"id":"minecraft:tnt","translationKey":"material.minecraft.tnt","icon":{"id":"minecraft:tnt","metadata":0}},{"id":"minecraft:coral","translationKey":"material.minecraft.coral","icon":{"id":"minecraft:air","metadata":0}},{"id":"minecraft:ice","translationKey":"material.minecraft.ice","icon":{"id":"minecraft:ice","metadata":0}},{"id":"minecraft:packed_ice","translationKey":"material.minecraft.packed_ice","icon":{"id":"minecraft:packed_ice","metadata":0}},{"id":"minecraft:snow","translationKey":"material.minecraft.snow","icon":{"id":"minecraft:snow_layer","metadata":0}},{"id":"minecraft:crafted_snow","translationKey":"material.minecraft.crafted_snow","icon":{"id":"minecraft:snow","metadata":0}},{"id":"minecraft:cactus","translationKey":"material.minecraft.cactus","icon":{"id":"minecraft:cactus","metadata":0}},{"id":"minecraft:clay","translationKey":"material.minecraft.clay","icon":{"id":"minecraft:clay","metadata":0}},{"id":"minecraft:gourd","translationKey":"material.minecraft.gourd","icon":{"id":"minecraft:melon_block","metadata":0}},{"id":"minecraft:dragon_egg","translationKey":"material.minecraft.dragon_egg","icon":{"id":"minecraft:dragon_egg","metadata":0}},{"id":"minecraft:portal","translationKey":"material.minecraft.portal","icon":{"id":"minecraft:portal","metadata":0}},{"id":"minecraft:cake","translationKey":"material.minecraft.cake","icon":{"id":"minecraft:cake","metadata":0}},{"id":"minecraft:web","translationKey":"material.minecraft.web","icon":{"id":"minecraft:web","metadata":0}},{"id":"minecraft:piston","translationKey":"material.minecraft.piston","icon":{"id":"minecraft:piston","metadata":0}},{"id":"minecraft:barrier","translationKey":"material.minecraft.barrier","icon":{"id":"minecraft:barrier","metadata":0}},{"id":"minecraft:structure_void","translationKey":"material.minecraft.structure_void","icon":{"id":"minecraft:structure_void","metadata":0}}]