[{"id":"minecraft:ambient.cave","translationKey":"soundEvent.minecraft.ambient.cave"},{"id":"minecraft:block.anvil.break","translationKey":"soundEvent.minecraft.block.anvil.break"},{"id":"minecraft:block.anvil.destroy","translationKey":"soundEvent.minecraft.block.anvil.destroy"},{"id":"minecraft:block.anvil.fall","translationKey":"soundEvent.minecraft.block.anvil.fall"},{"id":"minecraft:block.anvil.hit","translationKey":"soundEvent.minecraft.block.anvil.hit"},{"id":"minecraft:block.anvil.land","translationKey":"soundEvent.minecraft.block.anvil.land"},{"id":"minecraft:block.anvil.place","translationKey":"soundEvent.minecraft.block.anvil.place"},{"id":"minecraft:block.anvil.step","translationKey":"soundEvent.minecraft.block.anvil.step"},{"id":"minecraft:block.anvil.use","translationKey":"soundEvent.minecraft.block.anvil.use"},{"id":"minecraft:block.brewing_stand.brew","translationKey":"soundEvent.minecraft.block.brewing_stand.brew"},{"id":"minecraft:block.chest.close","translationKey":"soundEvent.minecraft.block.chest.close"},{"id":"minecraft:block.chest.locked","translationKey":"soundEvent.minecraft.block.chest.locked"},{"id":"minecraft:block.chest.open","translationKey":"soundEvent.minecraft.block.chest.open"},{"id":"minecraft:block.chorus_flower.death","translationKey":"soundEvent.minecraft.block.chorus_flower.death"},{"id":"minecraft:block.chorus_flower.grow","translationKey":"soundEvent.minecraft.block.chorus_flower.grow"},{"id":"minecraft:block.cloth.break","translationKey":"soundEvent.minecraft.block.cloth.break"},{"id":"minecraft:block.cloth.fall","translationKey":"soundEvent.minecraft.block.cloth.fall"},{"id":"minecraft:block.cloth.hit","translationKey":"soundEvent.minecraft.block.cloth.hit"},{"id":"minecraft:block.cloth.place","translationKey":"soundEvent.minecraft.block.cloth.place"},{"id":"minecraft:block.cloth.step","translationKey":"soundEvent.minecraft.block.cloth.step"},{"id":"minecraft:block.comparator.click","translationKey":"soundEvent.minecraft.block.comparator.click"},{"id":"minecraft:block.dispenser.dispense","translationKey":"soundEvent.minecraft.block.dispenser.dispense"},{"id":"minecraft:block.dispenser.fail","translationKey":"soundEvent.minecraft.block.dispenser.fail"},{"id":"minecraft:block.dispenser.launch","translationKey":"soundEvent.minecraft.block.dispenser.launch"},{"id":"minecraft:block.enchantment_table.use","translationKey":"soundEvent.minecraft.block.enchantment_table.use"},{"id":"minecraft:block.end_gateway.spawn","translationKey":"soundEvent.minecraft.block.end_gateway.spawn"},{"id":"minecraft:block.end_portal.spawn","translationKey":"soundEvent.minecraft.block.end_portal.spawn"},{"id":"minecraft:block.end_portal_frame.fill","translationKey":"soundEvent.minecraft.block.end_portal_frame.fill"},{"id":"minecraft:block.enderchest.close","translationKey":"soundEvent.minecraft.block.enderchest.close"},{"id":"minecraft:block.enderchest.open","translationKey":"soundEvent.minecraft.block.enderchest.open"},{"id":"minecraft:block.fence_gate.close","translationKey":"soundEvent.minecraft.block.fence_gate.close"},{"id":"minecraft:block.fence_gate.open","translationKey":"soundEvent.minecraft.block.fence_gate.open"},{"id":"minecraft:block.fire.ambient","translationKey":"soundEvent.minecraft.block.fire.ambient"},{"id":"minecraft:block.fire.extinguish","translationKey":"soundEvent.minecraft.block.fire.extinguish"},{"id":"minecraft:block.furnace.fire_crackle","translationKey":"soundEvent.minecraft.block.furnace.fire_crackle"},{"id":"minecraft:block.glass.break","translationKey":"soundEvent.minecraft.block.glass.break"},{"id":"minecraft:block.glass.fall","translationKey":"soundEvent.minecraft.block.glass.fall"},{"id":"minecraft:block.glass.hit","translationKey":"soundEvent.minecraft.block.glass.hit"},{"id":"minecraft:block.glass.place","translationKey":"soundEvent.minecraft.block.glass.place"},{"id":"minecraft:block.glass.step","translationKey":"soundEvent.minecraft.block.glass.step"},{"id":"minecraft:block.grass.break","translationKey":"soundEvent.minecraft.block.grass.break"},{"id":"minecraft:block.grass.fall","translationKey":"soundEvent.minecraft.block.grass.fall"},{"id":"minecraft:block.grass.hit","translationKey":"soundEvent.minecraft.block.grass.hit"},{"id":"minecraft:block.grass.place","translationKey":"soundEvent.minecraft.block.grass.place"},{"id":"minecraft:block.grass.step","translationKey":"soundEvent.minecraft.block.grass.step"},{"id":"minecraft:block.gravel.break","translationKey":"soundEvent.minecraft.block.gravel.break"},{"id":"minecraft:block.gravel.fall","translationKey":"soundEvent.minecraft.block.gravel.fall"},{"id":"minecraft:block.gravel.hit","translationKey":"soundEvent.minecraft.block.gravel.hit"},{"id":"minecraft:block.gravel.place","translationKey":"soundEvent.minecraft.block.gravel.place"},{"id":"minecraft:block.gravel.step","translationKey":"soundEvent.minecraft.block.gravel.step"},{"id":"minecraft:block.iron_door.close","translationKey":"soundEvent.minecraft.block.iron_door.close"},{"id":"minecraft:block.iron_door.open","translationKey":"soundEvent.minecraft.block.iron_door.open"},{"id":"minecraft:block.iron_trapdoor.close","translationKey":"soundEvent.minecraft.block.iron_trapdoor.close"},{"id":"minecraft:block.iron_trapdoor.open","translationKey":"soundEvent.minecraft.block.iron_trapdoor.open"},{"id":"minecraft:block.ladder.break","translationKey":"soundEvent.minecraft.block.ladder.break"},{"id":"minecraft:block.ladder.fall","translationKey":"soundEvent.minecraft.block.ladder.fall"},{"id":"minecraft:block.ladder.hit","translationKey":"soundEvent.minecraft.block.ladder.hit"},{"id":"minecraft:block.ladder.place","translationKey":"soundEvent.minecraft.block.ladder.place"},{"id":"minecraft:block.ladder.step","translationKey":"soundEvent.minecraft.block.ladder.step"},{"id":"minecraft:block.lava.ambient","translationKey":"soundEvent.minecraft.block.lava.ambient"},{"id":"minecraft:block.lava.extinguish","translationKey":"soundEvent.minecraft.block.lava.extinguish"},{"id":"minecraft:block.lava.pop","translationKey":"soundEvent.minecraft.block.lava.pop"},{"id":"minecraft:block.lever.click","translationKey":"soundEvent.minecraft.block.lever.click"},{"id":"minecraft:block.metal.break","translationKey":"soundEvent.minecraft.block.metal.break"},{"id":"minecraft:block.metal.fall","translationKey":"soundEvent.minecraft.block.metal.fall"},{"id":"minecraft:block.metal.hit","translationKey":"soundEvent.minecraft.block.metal.hit"},{"id":"minecraft:block.metal.place","translationKey":"soundEvent.minecraft.block.metal.place"},{"id":"minecraft:block.metal.step","translationKey":"soundEvent.minecraft.block.metal.step"},{"id":"minecraft:block.metal_pressureplate.click_off","translationKey":"soundEvent.minecraft.block.metal_pressureplate.click_off"},{"id":"minecraft:block.metal_pressureplate.click_on","translationKey":"soundEvent.minecraft.block.metal_pressureplate.click_on"},{"id":"minecraft:block.note.basedrum","translationKey":"soundEvent.minecraft.block.note.basedrum"},{"id":"minecraft:block.note.bass","translationKey":"soundEvent.minecraft.block.note.bass"},{"id":"minecraft:block.note.bell","translationKey":"soundEvent.minecraft.block.note.bell"},{"id":"minecraft:block.note.chime","translationKey":"soundEvent.minecraft.block.note.chime"},{"id":"minecraft:block.note.flute","translationKey":"soundEvent.minecraft.block.note.flute"},{"id":"minecraft:block.note.guitar","translationKey":"soundEvent.minecraft.block.note.guitar"},{"id":"minecraft:block.note.harp","translationKey":"soundEvent.minecraft.block.note.harp"},{"id":"minecraft:block.note.hat","translationKey":"soundEvent.minecraft.block.note.hat"},{"id":"minecraft:block.note.pling","translationKey":"soundEvent.minecraft.block.note.pling"},{"id":"minecraft:block.note.snare","translationKey":"soundEvent.minecraft.block.note.snare"},{"id":"minecraft:block.note.xylophone","translationKey":"soundEvent.minecraft.block.note.xylophone"},{"id":"minecraft:block.piston.contract","translationKey":"soundEvent.minecraft.block.piston.contract"},{"id":"minecraft:block.piston.extend","translationKey":"soundEvent.minecraft.block.piston.extend"},{"id":"minecraft:block.portal.ambient","translationKey":"soundEvent.minecraft.block.portal.ambient"},{"id":"minecraft:block.portal.travel","translationKey":"soundEvent.minecraft.block.portal.travel"},{"id":"minecraft:block.portal.trigger","translationKey":"soundEvent.minecraft.block.portal.trigger"},{"id":"minecraft:block.redstone_torch.burnout","translationKey":"soundEvent.minecraft.block.redstone_torch.burnout"},{"id":"minecraft:block.sand.break","translationKey":"soundEvent.minecraft.block.sand.break"},{"id":"minecraft:block.sand.fall","translationKey":"soundEvent.minecraft.block.sand.fall"},{"id":"minecraft:block.sand.hit","translationKey":"soundEvent.minecraft.block.sand.hit"},{"id":"minecraft:block.sand.place","translationKey":"soundEvent.minecraft.block.sand.place"},{"id":"minecraft:block.sand.step","translationKey":"soundEvent.minecraft.block.sand.step"},{"id":"minecraft:block.shulker_box.close","translationKey":"soundEvent.minecraft.block.shulker_box.close"},{"id":"minecraft:block.shulker_box.open","translationKey":"soundEvent.minecraft.block.shulker_box.open"},{"id":"minecraft:block.slime.break","translationKey":"soundEvent.minecraft.block.slime.break"},{"id":"minecraft:block.slime.fall","translationKey":"soundEvent.minecraft.block.slime.fall"},{"id":"minecraft:block.slime.hit","translationKey":"soundEvent.minecraft.block.slime.hit"},{"id":"minecraft:block.slime.place","translationKey":"soundEvent.minecraft.block.slime.place"},{"id":"minecraft:block.slime.step","translationKey":"soundEvent.minecraft.block.slime.step"},{"id":"minecraft:block.snow.break","translationKey":"soundEvent.minecraft.block.snow.break"},{"id":"minecraft:block.snow.fall","translationKey":"soundEvent.minecraft.block.snow.fall"},{"id":"minecraft:block.snow.hit","translationKey":"soundEvent.minecraft.block.snow.hit"},{"id":"minecraft:block.snow.place","translationKey":"soundEvent.minecraft.block.snow.place"},{"id":"minecraft:block.snow.step","translationKey":"soundEvent.minecraft.block.snow.step"},{"id":"minecraft:block.stone.break","translationKey":"soundEvent.minecraft.block.stone.break"},{"id":"minecraft:block.stone.fall","translationKey":"soundEvent.minecraft.block.stone.fall"},{"id":"minecraft:block.stone.hit","translationKey":"soundEvent.minecraft.block.stone.hit"},{"id":"minecraft:block.stone.place","translationKey":"soundEvent.minecraft.block.stone.place"},{"id":"minecraft:block.stone.step","translationKey":"soundEvent.minecraft.block.stone.step"},{"id":"minecraft:block.stone_button.click_off","translationKey":"soundEvent.minecraft.block.stone_button.click_off"},{"id":"minecraft:block.stone_button.click_on","translationKey":"soundEvent.minecraft.block.stone_button.click_on"},{"id":"minecraft:block.stone_pressureplate.click_off","translationKey":"soundEvent.minecraft.block.stone_pressureplate.click_off"},{"id":"minecraft:block.stone_pressureplate.click_on","translationKey":"soundEvent.minecraft.block.stone_pressureplate.click_on"},{"id":"minecraft:block.tripwire.attach","translationKey":"soundEvent.minecraft.block.tripwire.attach"},{"id":"minecraft:block.tripwire.click_off","translationKey":"soundEvent.minecraft.block.tripwire.click_off"},{"id":"minecraft:block.tripwire.click_on","translationKey":"soundEvent.minecraft.block.tripwire.click_on"},{"id":"minecraft:block.tripwire.detach","translationKey":"soundEvent.minecraft.block.tripwire.detach"},{"id":"minecraft:block.water.ambient","translationKey":"soundEvent.minecraft.block.water.ambient"},{"id":"minecraft:block.waterlily.place","translationKey":"soundEvent.minecraft.block.waterlily.place"},{"id":"minecraft:block.wood.break","translationKey":"soundEvent.minecraft.block.wood.break"},{"id":"minecraft:block.wood.fall","translationKey":"soundEvent.minecraft.block.wood.fall"},{"id":"minecraft:block.wood.hit","translationKey":"soundEvent.minecraft.block.wood.hit"},{"id":"minecraft:block.wood.place","translationKey":"soundEvent.minecraft.block.wood.place"},{"id":"minecraft:block.wood.step","translationKey":"soundEvent.minecraft.block.wood.step"},{"id":"minecraft:block.wood_button.click_off","translationKey":"soundEvent.minecraft.block.wood_button.click_off"},{"id":"minecraft:block.wood_button.click_on","translationKey":"soundEvent.minecraft.block.wood_button.click_on"},{"id":"minecraft:block.wood_pressureplate.click_off","translationKey":"soundEvent.minecraft.block.wood_pressureplate.click_off"},{"id":"minecraft:block.wood_pressureplate.click_on","translationKey":"soundEvent.minecraft.block.wood_pressureplate.click_on"},{"id":"minecraft:block.wooden_door.close","translationKey":"soundEvent.minecraft.block.wooden_door.close"},{"id":"minecraft:block.wooden_door.open","translationKey":"soundEvent.minecraft.block.wooden_door.open"},{"id":"minecraft:block.wooden_trapdoor.close","translationKey":"soundEvent.minecraft.block.wooden_trapdoor.close"},{"id":"minecraft:block.wooden_trapdoor.open","translationKey":"soundEvent.minecraft.block.wooden_trapdoor.open"},{"id":"minecraft:enchant.thorns.hit","translationKey":"soundEvent.minecraft.enchant.thorns.hit"},{"id":"minecraft:entity.armorstand.break","translationKey":"soundEvent.minecraft.entity.armorstand.break"},{"id":"minecraft:entity.armorstand.fall","translationKey":"soundEvent.minecraft.entity.armorstand.fall"},{"id":"minecraft:entity.armorstand.hit","translationKey":"soundEvent.minecraft.entity.armorstand.hit"},{"id":"minecraft:entity.armorstand.place","translationKey":"soundEvent.minecraft.entity.armorstand.place"},{"id":"minecraft:entity.arrow.hit","translationKey":"soundEvent.minecraft.entity.arrow.hit"},{"id":"minecraft:entity.arrow.hit_player","translationKey":"soundEvent.minecraft.entity.arrow.hit_player"},{"id":"minecraft:entity.arrow.shoot","translationKey":"soundEvent.minecraft.entity.arrow.shoot"},{"id":"minecraft:entity.bat.ambient","translationKey":"soundEvent.minecraft.entity.bat.ambient"},{"id":"minecraft:entity.bat.death","translationKey":"soundEvent.minecraft.entity.bat.death"},{"id":"minecraft:entity.bat.hurt","translationKey":"soundEvent.minecraft.entity.bat.hurt"},{"id":"minecraft:entity.bat.loop","translationKey":"soundEvent.minecraft.entity.bat.loop"},{"id":"minecraft:entity.bat.takeoff","translationKey":"soundEvent.minecraft.entity.bat.takeoff"},{"id":"minecraft:entity.blaze.ambient","translationKey":"soundEvent.minecraft.entity.blaze.ambient"},{"id":"minecraft:entity.blaze.burn","translationKey":"soundEvent.minecraft.entity.blaze.burn"},{"id":"minecraft:entity.blaze.death","translationKey":"soundEvent.minecraft.entity.blaze.death"},{"id":"minecraft:entity.blaze.hurt","translationKey":"soundEvent.minecraft.entity.blaze.hurt"},{"id":"minecraft:entity.blaze.shoot","translationKey":"soundEvent.minecraft.entity.blaze.shoot"},{"id":"minecraft:entity.boat.paddle_land","translationKey":"soundEvent.minecraft.entity.boat.paddle_land"},{"id":"minecraft:entity.boat.paddle_water","translationKey":"soundEvent.minecraft.entity.boat.paddle_water"},{"id":"minecraft:entity.bobber.retrieve","translationKey":"soundEvent.minecraft.entity.bobber.retrieve"},{"id":"minecraft:entity.bobber.splash","translationKey":"soundEvent.minecraft.entity.bobber.splash"},{"id":"minecraft:entity.bobber.throw","translationKey":"soundEvent.minecraft.entity.bobber.throw"},{"id":"minecraft:entity.cat.ambient","translationKey":"soundEvent.minecraft.entity.cat.ambient"},{"id":"minecraft:entity.cat.death","translationKey":"soundEvent.minecraft.entity.cat.death"},{"id":"minecraft:entity.cat.hiss","translationKey":"soundEvent.minecraft.entity.cat.hiss"},{"id":"minecraft:entity.cat.hurt","translationKey":"soundEvent.minecraft.entity.cat.hurt"},{"id":"minecraft:entity.cat.purr","translationKey":"soundEvent.minecraft.entity.cat.purr"},{"id":"minecraft:entity.cat.purreow","translationKey":"soundEvent.minecraft.entity.cat.purreow"},{"id":"minecraft:entity.chicken.ambient","translationKey":"soundEvent.minecraft.entity.chicken.ambient"},{"id":"minecraft:entity.chicken.death","translationKey":"soundEvent.minecraft.entity.chicken.death"},{"id":"minecraft:entity.chicken.egg","translationKey":"soundEvent.minecraft.entity.chicken.egg"},{"id":"minecraft:entity.chicken.hurt","translationKey":"soundEvent.minecraft.entity.chicken.hurt"},{"id":"minecraft:entity.chicken.step","translationKey":"soundEvent.minecraft.entity.chicken.step"},{"id":"minecraft:entity.cow.ambient","translationKey":"soundEvent.minecraft.entity.cow.ambient"},{"id":"minecraft:entity.cow.death","translationKey":"soundEvent.minecraft.entity.cow.death"},{"id":"minecraft:entity.cow.hurt","translationKey":"soundEvent.minecraft.entity.cow.hurt"},{"id":"minecraft:entity.cow.milk","translationKey":"soundEvent.minecraft.entity.cow.milk"},{"id":"minecraft:entity.cow.step","translationKey":"soundEvent.minecraft.entity.cow.step"},{"id":"minecraft:entity.creeper.death","translationKey":"soundEvent.minecraft.entity.creeper.death"},{"id":"minecraft:entity.creeper.hurt","translationKey":"soundEvent.minecraft.entity.creeper.hurt"},{"id":"minecraft:entity.creeper.primed","translationKey":"soundEvent.minecraft.entity.creeper.primed"},{"id":"minecraft:entity.donkey.ambient","translationKey":"soundEvent.minecraft.entity.donkey.ambient"},{"id":"minecraft:entity.donkey.angry","translationKey":"soundEvent.minecraft.entity.donkey.angry"},{"id":"minecraft:entity.donkey.chest","translationKey":"soundEvent.minecraft.entity.donkey.chest"},{"id":"minecraft:entity.donkey.death","translationKey":"soundEvent.minecraft.entity.donkey.death"},{"id":"minecraft:entity.donkey.hurt","translationKey":"soundEvent.minecraft.entity.donkey.hurt"},{"id":"minecraft:entity.egg.throw","translationKey":"soundEvent.minecraft.entity.egg.throw"},{"id":"minecraft:entity.elder_guardian.ambient","translationKey":"soundEvent.minecraft.entity.elder_guardian.ambient"},{"id":"minecraft:entity.elder_guardian.ambient_land","translationKey":"soundEvent.minecraft.entity.elder_guardian.ambient_land"},{"id":"minecraft:entity.elder_guardian.curse","translationKey":"soundEvent.minecraft.entity.elder_guardian.curse"},{"id":"minecraft:entity.elder_guardian.death","translationKey":"soundEvent.minecraft.entity.elder_guardian.death"},{"id":"minecraft:entity.elder_guardian.death_land","translationKey":"soundEvent.minecraft.entity.elder_guardian.death_land"},{"id":"minecraft:entity.elder_guardian.flop","translationKey":"soundEvent.minecraft.entity.elder_guardian.flop"},{"id":"minecraft:entity.elder_guardian.hurt","translationKey":"soundEvent.minecraft.entity.elder_guardian.hurt"},{"id":"minecraft:entity.elder_guardian.hurt_land","translationKey":"soundEvent.minecraft.entity.elder_guardian.hurt_land"},{"id":"minecraft:entity.enderdragon.ambient","translationKey":"soundEvent.minecraft.entity.enderdragon.ambient"},{"id":"minecraft:entity.enderdragon.death","translationKey":"soundEvent.minecraft.entity.enderdragon.death"},{"id":"minecraft:entity.enderdragon.flap","translationKey":"soundEvent.minecraft.entity.enderdragon.flap"},{"id":"minecraft:entity.enderdragon.growl","translationKey":"soundEvent.minecraft.entity.enderdragon.growl"},{"id":"minecraft:entity.enderdragon.hurt","translationKey":"soundEvent.minecraft.entity.enderdragon.hurt"},{"id":"minecraft:entity.enderdragon.shoot","translationKey":"soundEvent.minecraft.entity.enderdragon.shoot"},{"id":"minecraft:entity.enderdragon_fireball.explode","translationKey":"soundEvent.minecraft.entity.enderdragon_fireball.explode"},{"id":"minecraft:entity.endereye.death","translationKey":"soundEvent.minecraft.entity.endereye.death"},{"id":"minecraft:entity.endereye.launch","translationKey":"soundEvent.minecraft.entity.endereye.launch"},{"id":"minecraft:entity.endermen.ambient","translationKey":"soundEvent.minecraft.entity.endermen.ambient"},{"id":"minecraft:entity.endermen.death","translationKey":"soundEvent.minecraft.entity.endermen.death"},{"id":"minecraft:entity.endermen.hurt","translationKey":"soundEvent.minecraft.entity.endermen.hurt"},{"id":"minecraft:entity.endermen.scream","translationKey":"soundEvent.minecraft.entity.endermen.scream"},{"id":"minecraft:entity.endermen.stare","translationKey":"soundEvent.minecraft.entity.endermen.stare"},{"id":"minecraft:entity.endermen.teleport","translationKey":"soundEvent.minecraft.entity.endermen.teleport"},{"id":"minecraft:entity.endermite.ambient","translationKey":"soundEvent.minecraft.entity.endermite.ambient"},{"id":"minecraft:entity.endermite.death","translationKey":"soundEvent.minecraft.entity.endermite.death"},{"id":"minecraft:entity.endermite.hurt","translationKey":"soundEvent.minecraft.entity.endermite.hurt"},{"id":"minecraft:entity.endermite.step","translationKey":"soundEvent.minecraft.entity.endermite.step"},{"id":"minecraft:entity.enderpearl.throw","translationKey":"soundEvent.minecraft.entity.enderpearl.throw"},{"id":"minecraft:entity.evocation_fangs.attack","translationKey":"soundEvent.minecraft.entity.evocation_fangs.attack"},{"id":"minecraft:entity.evocation_illager.ambient","translationKey":"soundEvent.minecraft.entity.evocation_illager.ambient"},{"id":"minecraft:entity.evocation_illager.cast_spell","translationKey":"soundEvent.minecraft.entity.evocation_illager.cast_spell"},{"id":"minecraft:entity.evocation_illager.death","translationKey":"soundEvent.minecraft.entity.evocation_illager.death"},{"id":"minecraft:entity.evocation_illager.hurt","translationKey":"soundEvent.minecraft.entity.evocation_illager.hurt"},{"id":"minecraft:entity.evocation_illager.prepare_attack","translationKey":"soundEvent.minecraft.entity.evocation_illager.prepare_attack"},{"id":"minecraft:entity.evocation_illager.prepare_summon","translationKey":"soundEvent.minecraft.entity.evocation_illager.prepare_summon"},{"id":"minecraft:entity.evocation_illager.prepare_wololo","translationKey":"soundEvent.minecraft.entity.evocation_illager.prepare_wololo"},{"id":"minecraft:entity.experience_bottle.throw","translationKey":"soundEvent.minecraft.entity.experience_bottle.throw"},{"id":"minecraft:entity.experience_orb.pickup","translationKey":"soundEvent.minecraft.entity.experience_orb.pickup"},{"id":"minecraft:entity.firework.blast","translationKey":"soundEvent.minecraft.entity.firework.blast"},{"id":"minecraft:entity.firework.blast_far","translationKey":"soundEvent.minecraft.entity.firework.blast_far"},{"id":"minecraft:entity.firework.large_blast","translationKey":"soundEvent.minecraft.entity.firework.large_blast"},{"id":"minecraft:entity.firework.large_blast_far","translationKey":"soundEvent.minecraft.entity.firework.large_blast_far"},{"id":"minecraft:entity.firework.launch","translationKey":"soundEvent.minecraft.entity.firework.launch"},{"id":"minecraft:entity.firework.shoot","translationKey":"soundEvent.minecraft.entity.firework.shoot"},{"id":"minecraft:entity.firework.twinkle","translationKey":"soundEvent.minecraft.entity.firework.twinkle"},{"id":"minecraft:entity.firework.twinkle_far","translationKey":"soundEvent.minecraft.entity.firework.twinkle_far"},{"id":"minecraft:entity.generic.big_fall","translationKey":"soundEvent.minecraft.entity.generic.big_fall"},{"id":"minecraft:entity.generic.burn","translationKey":"soundEvent.minecraft.entity.generic.burn"},{"id":"minecraft:entity.generic.death","translationKey":"soundEvent.minecraft.entity.generic.death"},{"id":"minecraft:entity.generic.drink","translationKey":"soundEvent.minecraft.entity.generic.drink"},{"id":"minecraft:entity.generic.eat","translationKey":"soundEvent.minecraft.entity.generic.eat"},{"id":"minecraft:entity.generic.explode","translationKey":"soundEvent.minecraft.entity.generic.explode"},{"id":"minecraft:entity.generic.extinguish_fire","translationKey":"soundEvent.minecraft.entity.generic.extinguish_fire"},{"id":"minecraft:entity.generic.hurt","translationKey":"soundEvent.minecraft.entity.generic.hurt"},{"id":"minecraft:entity.generic.small_fall","translationKey":"soundEvent.minecraft.entity.generic.small_fall"},{"id":"minecraft:entity.generic.splash","translationKey":"soundEvent.minecraft.entity.generic.splash"},{"id":"minecraft:entity.generic.swim","translationKey":"soundEvent.minecraft.entity.generic.swim"},{"id":"minecraft:entity.ghast.ambient","translationKey":"soundEvent.minecraft.entity.ghast.ambient"},{"id":"minecraft:entity.ghast.death","translationKey":"soundEvent.minecraft.entity.ghast.death"},{"id":"minecraft:entity.ghast.hurt","translationKey":"soundEvent.minecraft.entity.ghast.hurt"},{"id":"minecraft:entity.ghast.scream","translationKey":"soundEvent.minecraft.entity.ghast.scream"},{"id":"minecraft:entity.ghast.shoot","translationKey":"soundEvent.minecraft.entity.ghast.shoot"},{"id":"minecraft:entity.ghast.warn","translationKey":"soundEvent.minecraft.entity.ghast.warn"},{"id":"minecraft:entity.guardian.ambient","translationKey":"soundEvent.minecraft.entity.guardian.ambient"},{"id":"minecraft:entity.guardian.ambient_land","translationKey":"soundEvent.minecraft.entity.guardian.ambient_land"},{"id":"minecraft:entity.guardian.attack","translationKey":"soundEvent.minecraft.entity.guardian.attack"},{"id":"minecraft:entity.guardian.death","translationKey":"soundEvent.minecraft.entity.guardian.death"},{"id":"minecraft:entity.guardian.death_land","translationKey":"soundEvent.minecraft.entity.guardian.death_land"},{"id":"minecraft:entity.guardian.flop","translationKey":"soundEvent.minecraft.entity.guardian.flop"},{"id":"minecraft:entity.guardian.hurt","translationKey":"soundEvent.minecraft.entity.guardian.hurt"},{"id":"minecraft:entity.guardian.hurt_land","translationKey":"soundEvent.minecraft.entity.guardian.hurt_land"},{"id":"minecraft:entity.horse.ambient","translationKey":"soundEvent.minecraft.entity.horse.ambient"},{"id":"minecraft:entity.horse.angry","translationKey":"soundEvent.minecraft.entity.horse.angry"},{"id":"minecraft:entity.horse.armor","translationKey":"soundEvent.minecraft.entity.horse.armor"},{"id":"minecraft:entity.horse.breathe","translationKey":"soundEvent.minecraft.entity.horse.breathe"},{"id":"minecraft:entity.horse.death","translationKey":"soundEvent.minecraft.entity.horse.death"},{"id":"minecraft:entity.horse.eat","translationKey":"soundEvent.minecraft.entity.horse.eat"},{"id":"minecraft:entity.horse.gallop","translationKey":"soundEvent.minecraft.entity.horse.gallop"},{"id":"minecraft:entity.horse.hurt","translationKey":"soundEvent.minecraft.entity.horse.hurt"},{"id":"minecraft:entity.horse.jump","translationKey":"soundEvent.minecraft.entity.horse.jump"},{"id":"minecraft:entity.horse.land","translationKey":"soundEvent.minecraft.entity.horse.land"},{"id":"minecraft:entity.horse.saddle","translationKey":"soundEvent.minecraft.entity.horse.saddle"},{"id":"minecraft:entity.horse.step","translationKey":"soundEvent.minecraft.entity.horse.step"},{"id":"minecraft:entity.horse.step_wood","translationKey":"soundEvent.minecraft.entity.horse.step_wood"},{"id":"minecraft:entity.hostile.big_fall","translationKey":"soundEvent.minecraft.entity.hostile.big_fall"},{"id":"minecraft:entity.hostile.death","translationKey":"soundEvent.minecraft.entity.hostile.death"},{"id":"minecraft:entity.hostile.hurt","translationKey":"soundEvent.minecraft.entity.hostile.hurt"},{"id":"minecraft:entity.hostile.small_fall","translationKey":"soundEvent.minecraft.entity.hostile.small_fall"},{"id":"minecraft:entity.hostile.splash","translationKey":"soundEvent.minecraft.entity.hostile.splash"},{"id":"minecraft:entity.hostile.swim","translationKey":"soundEvent.minecraft.entity.hostile.swim"},{"id":"minecraft:entity.husk.ambient","translationKey":"soundEvent.minecraft.entity.husk.ambient"},{"id":"minecraft:entity.husk.death","translationKey":"soundEvent.minecraft.entity.husk.death"},{"id":"minecraft:entity.husk.hurt","translationKey":"soundEvent.minecraft.entity.husk.hurt"},{"id":"minecraft:entity.husk.step","translationKey":"soundEvent.minecraft.entity.husk.step"},{"id":"minecraft:entity.illusion_illager.ambient","translationKey":"soundEvent.minecraft.entity.illusion_illager.ambient"},{"id":"minecraft:entity.illusion_illager.cast_spell","translationKey":"soundEvent.minecraft.entity.illusion_illager.cast_spell"},{"id":"minecraft:entity.illusion_illager.death","translationKey":"soundEvent.minecraft.entity.illusion_illager.death"},{"id":"minecraft:entity.illusion_illager.hurt","translationKey":"soundEvent.minecraft.entity.illusion_illager.hurt"},{"id":"minecraft:entity.illusion_illager.mirror_move","translationKey":"soundEvent.minecraft.entity.illusion_illager.mirror_move"},{"id":"minecraft:entity.illusion_illager.prepare_blindness","translationKey":"soundEvent.minecraft.entity.illusion_illager.prepare_blindness"},{"id":"minecraft:entity.illusion_illager.prepare_mirror","translationKey":"soundEvent.minecraft.entity.illusion_illager.prepare_mirror"},{"id":"minecraft:entity.irongolem.attack","translationKey":"soundEvent.minecraft.entity.irongolem.attack"},{"id":"minecraft:entity.irongolem.death","translationKey":"soundEvent.minecraft.entity.irongolem.death"},{"id":"minecraft:entity.irongolem.hurt","translationKey":"soundEvent.minecraft.entity.irongolem.hurt"},{"id":"minecraft:entity.irongolem.step","translationKey":"soundEvent.minecraft.entity.irongolem.step"},{"id":"minecraft:entity.item.break","translationKey":"soundEvent.minecraft.entity.item.break"},{"id":"minecraft:entity.item.pickup","translationKey":"soundEvent.minecraft.entity.item.pickup"},{"id":"minecraft:entity.itemframe.add_item","translationKey":"soundEvent.minecraft.entity.itemframe.add_item"},{"id":"minecraft:entity.itemframe.break","translationKey":"soundEvent.minecraft.entity.itemframe.break"},{"id":"minecraft:entity.itemframe.place","translationKey":"soundEvent.minecraft.entity.itemframe.place"},{"id":"minecraft:entity.itemframe.remove_item","translationKey":"soundEvent.minecraft.entity.itemframe.remove_item"},{"id":"minecraft:entity.itemframe.rotate_item","translationKey":"soundEvent.minecraft.entity.itemframe.rotate_item"},{"id":"minecraft:entity.leashknot.break","translationKey":"soundEvent.minecraft.entity.leashknot.break"},{"id":"minecraft:entity.leashknot.place","translationKey":"soundEvent.minecraft.entity.leashknot.place"},{"id":"minecraft:entity.lightning.impact","translationKey":"soundEvent.minecraft.entity.lightning.impact"},{"id":"minecraft:entity.lightning.thunder","translationKey":"soundEvent.minecraft.entity.lightning.thunder"},{"id":"minecraft:entity.lingeringpotion.throw","translationKey":"soundEvent.minecraft.entity.lingeringpotion.throw"},{"id":"minecraft:entity.llama.ambient","translationKey":"soundEvent.minecraft.entity.llama.ambient"},{"id":"minecraft:entity.llama.angry","translationKey":"soundEvent.minecraft.entity.llama.angry"},{"id":"minecraft:entity.llama.chest","translationKey":"soundEvent.minecraft.entity.llama.chest"},{"id":"minecraft:entity.llama.death","translationKey":"soundEvent.minecraft.entity.llama.death"},{"id":"minecraft:entity.llama.eat","translationKey":"soundEvent.minecraft.entity.llama.eat"},{"id":"minecraft:entity.llama.hurt","translationKey":"soundEvent.minecraft.entity.llama.hurt"},{"id":"minecraft:entity.llama.spit","translationKey":"soundEvent.minecraft.entity.llama.spit"},{"id":"minecraft:entity.llama.step","translationKey":"soundEvent.minecraft.entity.llama.step"},{"id":"minecraft:entity.llama.swag","translationKey":"soundEvent.minecraft.entity.llama.swag"},{"id":"minecraft:entity.magmacube.death","translationKey":"soundEvent.minecraft.entity.magmacube.death"},{"id":"minecraft:entity.magmacube.hurt","translationKey":"soundEvent.minecraft.entity.magmacube.hurt"},{"id":"minecraft:entity.magmacube.jump","translationKey":"soundEvent.minecraft.entity.magmacube.jump"},{"id":"minecraft:entity.magmacube.squish","translationKey":"soundEvent.minecraft.entity.magmacube.squish"},{"id":"minecraft:entity.minecart.inside","translationKey":"soundEvent.minecraft.entity.minecart.inside"},{"id":"minecraft:entity.minecart.riding","translationKey":"soundEvent.minecraft.entity.minecart.riding"},{"id":"minecraft:entity.mooshroom.shear","translationKey":"soundEvent.minecraft.entity.mooshroom.shear"},{"id":"minecraft:entity.mule.ambient","translationKey":"soundEvent.minecraft.entity.mule.ambient"},{"id":"minecraft:entity.mule.chest","translationKey":"soundEvent.minecraft.entity.mule.chest"},{"id":"minecraft:entity.mule.death","translationKey":"soundEvent.minecraft.entity.mule.death"},{"id":"minecraft:entity.mule.hurt","translationKey":"soundEvent.minecraft.entity.mule.hurt"},{"id":"minecraft:entity.painting.break","translationKey":"soundEvent.minecraft.entity.painting.break"},{"id":"minecraft:entity.painting.place","translationKey":"soundEvent.minecraft.entity.painting.place"},{"id":"minecraft:entity.parrot.ambient","translationKey":"soundEvent.minecraft.entity.parrot.ambient"},{"id":"minecraft:entity.parrot.death","translationKey":"soundEvent.minecraft.entity.parrot.death"},{"id":"minecraft:entity.parrot.eat","translationKey":"soundEvent.minecraft.entity.parrot.eat"},{"id":"minecraft:entity.parrot.fly","translationKey":"soundEvent.minecraft.entity.parrot.fly"},{"id":"minecraft:entity.parrot.hurt","translationKey":"soundEvent.minecraft.entity.parrot.hurt"},{"id":"minecraft:entity.parrot.imitate.blaze","translationKey":"soundEvent.minecraft.entity.parrot.imitate.blaze"},{"id":"minecraft:entity.parrot.imitate.creeper","translationKey":"soundEvent.minecraft.entity.parrot.imitate.creeper"},{"id":"minecraft:entity.parrot.imitate.elder_guardian","translationKey":"soundEvent.minecraft.entity.parrot.imitate.elder_guardian"},{"id":"minecraft:entity.parrot.imitate.enderdragon","translationKey":"soundEvent.minecraft.entity.parrot.imitate.enderdragon"},{"id":"minecraft:entity.parrot.imitate.enderman","translationKey":"soundEvent.minecraft.entity.parrot.imitate.enderman"},{"id":"minecraft:entity.parrot.imitate.endermite","translationKey":"soundEvent.minecraft.entity.parrot.imitate.endermite"},{"id":"minecraft:entity.parrot.imitate.evocation_illager","translationKey":"soundEvent.minecraft.entity.parrot.imitate.evocation_illager"},{"id":"minecraft:entity.parrot.imitate.ghast","translationKey":"soundEvent.minecraft.entity.parrot.imitate.ghast"},{"id":"minecraft:entity.parrot.imitate.husk","translationKey":"soundEvent.minecraft.entity.parrot.imitate.husk"},{"id":"minecraft:entity.parrot.imitate.illusion_illager","translationKey":"soundEvent.minecraft.entity.parrot.imitate.illusion_illager"},{"id":"minecraft:entity.parrot.imitate.magmacube","translationKey":"soundEvent.minecraft.entity.parrot.imitate.magmacube"},{"id":"minecraft:entity.parrot.imitate.polar_bear","translationKey":"soundEvent.minecraft.entity.parrot.imitate.polar_bear"},{"id":"minecraft:entity.parrot.imitate.shulker","translationKey":"soundEvent.minecraft.entity.parrot.imitate.shulker"},{"id":"minecraft:entity.parrot.imitate.silverfish","translationKey":"soundEvent.minecraft.entity.parrot.imitate.silverfish"},{"id":"minecraft:entity.parrot.imitate.skeleton","translationKey":"soundEvent.minecraft.entity.parrot.imitate.skeleton"},{"id":"minecraft:entity.parrot.imitate.slime","translationKey":"soundEvent.minecraft.entity.parrot.imitate.slime"},{"id":"minecraft:entity.parrot.imitate.spider","translationKey":"soundEvent.minecraft.entity.parrot.imitate.spider"},{"id":"minecraft:entity.parrot.imitate.stray","translationKey":"soundEvent.minecraft.entity.parrot.imitate.stray"},{"id":"minecraft:entity.parrot.imitate.vex","translationKey":"soundEvent.minecraft.entity.parrot.imitate.vex"},{"id":"minecraft:entity.parrot.imitate.vindication_illager","translationKey":"soundEvent.minecraft.entity.parrot.imitate.vindication_illager"},{"id":"minecraft:entity.parrot.imitate.witch","translationKey":"soundEvent.minecraft.entity.parrot.imitate.witch"},{"id":"minecraft:entity.parrot.imitate.wither","translationKey":"soundEvent.minecraft.entity.parrot.imitate.wither"},{"id":"minecraft:entity.parrot.imitate.wither_skeleton","translationKey":"soundEvent.minecraft.entity.parrot.imitate.wither_skeleton"},{"id":"minecraft:entity.parrot.imitate.wolf","translationKey":"soundEvent.minecraft.entity.parrot.imitate.wolf"},{"id":"minecraft:entity.parrot.imitate.zombie","translationKey":"soundEvent.minecraft.entity.parrot.imitate.zombie"},{"id":"minecraft:entity.parrot.imitate.zombie_pigman","translationKey":"soundEvent.minecraft.entity.parrot.imitate.zombie_pigman"},{"id":"minecraft:entity.parrot.imitate.zombie_villager","translationKey":"soundEvent.minecraft.entity.parrot.imitate.zombie_villager"},{"id":"minecraft:entity.parrot.step","translationKey":"soundEvent.minecraft.entity.parrot.step"},{"id":"minecraft:entity.pig.ambient","translationKey":"soundEvent.minecraft.entity.pig.ambient"},{"id":"minecraft:entity.pig.death","translationKey":"soundEvent.minecraft.entity.pig.death"},{"id":"minecraft:entity.pig.hurt","translationKey":"soundEvent.minecraft.entity.pig.hurt"},{"id":"minecraft:entity.pig.saddle","translationKey":"soundEvent.minecraft.entity.pig.saddle"},{"id":"minecraft:entity.pig.step","translationKey":"soundEvent.minecraft.entity.pig.step"},{"id":"minecraft:entity.player.attack.crit","translationKey":"soundEvent.minecraft.entity.player.attack.crit"},{"id":"minecraft:entity.player.attack.knockback","translationKey":"soundEvent.minecraft.entity.player.attack.knockback"},{"id":"minecraft:entity.player.attack.nodamage","translationKey":"soundEvent.minecraft.entity.player.attack.nodamage"},{"id":"minecraft:entity.player.attack.strong","translationKey":"soundEvent.minecraft.entity.player.attack.strong"},{"id":"minecraft:entity.player.attack.sweep","translationKey":"soundEvent.minecraft.entity.player.attack.sweep"},{"id":"minecraft:entity.player.attack.weak","translationKey":"soundEvent.minecraft.entity.player.attack.weak"},{"id":"minecraft:entity.player.big_fall","translationKey":"soundEvent.minecraft.entity.player.big_fall"},{"id":"minecraft:entity.player.breath","translationKey":"soundEvent.minecraft.entity.player.breath"},{"id":"minecraft:entity.player.burp","translationKey":"soundEvent.minecraft.entity.player.burp"},{"id":"minecraft:entity.player.death","translationKey":"soundEvent.minecraft.entity.player.death"},{"id":"minecraft:entity.player.hurt","translationKey":"soundEvent.minecraft.entity.player.hurt"},{"id":"minecraft:entity.player.hurt_drown","translationKey":"soundEvent.minecraft.entity.player.hurt_drown"},{"id":"minecraft:entity.player.hurt_on_fire","translationKey":"soundEvent.minecraft.entity.player.hurt_on_fire"},{"id":"minecraft:entity.player.levelup","translationKey":"soundEvent.minecraft.entity.player.levelup"},{"id":"minecraft:entity.player.small_fall","translationKey":"soundEvent.minecraft.entity.player.small_fall"},{"id":"minecraft:entity.player.splash","translationKey":"soundEvent.minecraft.entity.player.splash"},{"id":"minecraft:entity.player.swim","translationKey":"soundEvent.minecraft.entity.player.swim"},{"id":"minecraft:entity.polar_bear.ambient","translationKey":"soundEvent.minecraft.entity.polar_bear.ambient"},{"id":"minecraft:entity.polar_bear.baby_ambient","translationKey":"soundEvent.minecraft.entity.polar_bear.baby_ambient"},{"id":"minecraft:entity.polar_bear.death","translationKey":"soundEvent.minecraft.entity.polar_bear.death"},{"id":"minecraft:entity.polar_bear.hurt","translationKey":"soundEvent.minecraft.entity.polar_bear.hurt"},{"id":"minecraft:entity.polar_bear.step","translationKey":"soundEvent.minecraft.entity.polar_bear.step"},{"id":"minecraft:entity.polar_bear.warning","translationKey":"soundEvent.minecraft.entity.polar_bear.warning"},{"id":"minecraft:entity.rabbit.ambient","translationKey":"soundEvent.minecraft.entity.rabbit.ambient"},{"id":"minecraft:entity.rabbit.attack","translationKey":"soundEvent.minecraft.entity.rabbit.attack"},{"id":"minecraft:entity.rabbit.death","translationKey":"soundEvent.minecraft.entity.rabbit.death"},{"id":"minecraft:entity.rabbit.hurt","translationKey":"soundEvent.minecraft.entity.rabbit.hurt"},{"id":"minecraft:entity.rabbit.jump","translationKey":"soundEvent.minecraft.entity.rabbit.jump"},{"id":"minecraft:entity.sheep.ambient","translationKey":"soundEvent.minecraft.entity.sheep.ambient"},{"id":"minecraft:entity.sheep.death","translationKey":"soundEvent.minecraft.entity.sheep.death"},{"id":"minecraft:entity.sheep.hurt","translationKey":"soundEvent.minecraft.entity.sheep.hurt"},{"id":"minecraft:entity.sheep.shear","translationKey":"soundEvent.minecraft.entity.sheep.shear"},{"id":"minecraft:entity.sheep.step","translationKey":"soundEvent.minecraft.entity.sheep.step"},{"id":"minecraft:entity.shulker.ambient","translationKey":"soundEvent.minecraft.entity.shulker.ambient"},{"id":"minecraft:entity.shulker.close","translationKey":"soundEvent.minecraft.entity.shulker.close"},{"id":"minecraft:entity.shulker.death","translationKey":"soundEvent.minecraft.entity.shulker.death"},{"id":"minecraft:entity.shulker.hurt","translationKey":"soundEvent.minecraft.entity.shulker.hurt"},{"id":"minecraft:entity.shulker.hurt_closed","translationKey":"soundEvent.minecraft.entity.shulker.hurt_closed"},{"id":"minecraft:entity.shulker.open","translationKey":"soundEvent.minecraft.entity.shulker.open"},{"id":"minecraft:entity.shulker.shoot","translationKey":"soundEvent.minecraft.entity.shulker.shoot"},{"id":"minecraft:entity.shulker.teleport","translationKey":"soundEvent.minecraft.entity.shulker.teleport"},{"id":"minecraft:entity.shulker_bullet.hit","translationKey":"soundEvent.minecraft.entity.shulker_bullet.hit"},{"id":"minecraft:entity.shulker_bullet.hurt","translationKey":"soundEvent.minecraft.entity.shulker_bullet.hurt"},{"id":"minecraft:entity.silverfish.ambient","translationKey":"soundEvent.minecraft.entity.silverfish.ambient"},{"id":"minecraft:entity.silverfish.death","translationKey":"soundEvent.minecraft.entity.silverfish.death"},{"id":"minecraft:entity.silverfish.hurt","translationKey":"soundEvent.minecraft.entity.silverfish.hurt"},{"id":"minecraft:entity.silverfish.step","translationKey":"soundEvent.minecraft.entity.silverfish.step"},{"id":"minecraft:entity.skeleton.ambient","translationKey":"soundEvent.minecraft.entity.skeleton.ambient"},{"id":"minecraft:entity.skeleton.death","translationKey":"soundEvent.minecraft.entity.skeleton.death"},{"id":"minecraft:entity.skeleton.hurt","translationKey":"soundEvent.minecraft.entity.skeleton.hurt"},{"id":"minecraft:entity.skeleton.shoot","translationKey":"soundEvent.minecraft.entity.skeleton.shoot"},{"id":"minecraft:entity.skeleton.step","translationKey":"soundEvent.minecraft.entity.skeleton.step"},{"id":"minecraft:entity.skeleton_horse.ambient","translationKey":"soundEvent.minecraft.entity.skeleton_horse.ambient"},{"id":"minecraft:entity.skeleton_horse.death","translationKey":"soundEvent.minecraft.entity.skeleton_horse.death"},{"id":"minecraft:entity.skeleton_horse.hurt","translationKey":"soundEvent.minecraft.entity.skeleton_horse.hurt"},{"id":"minecraft:entity.slime.attack","translationKey":"soundEvent.minecraft.entity.slime.attack"},{"id":"minecraft:entity.slime.death","translationKey":"soundEvent.minecraft.entity.slime.death"},{"id":"minecraft:entity.slime.hurt","translationKey":"soundEvent.minecraft.entity.slime.hurt"},{"id":"minecraft:entity.slime.jump","translationKey":"soundEvent.minecraft.entity.slime.jump"},{"id":"minecraft:entity.slime.squish","translationKey":"soundEvent.minecraft.entity.slime.squish"},{"id":"minecraft:entity.small_magmacube.death","translationKey":"soundEvent.minecraft.entity.small_magmacube.death"},{"id":"minecraft:entity.small_magmacube.hurt","translationKey":"soundEvent.minecraft.entity.small_magmacube.hurt"},{"id":"minecraft:entity.small_magmacube.squish","translationKey":"soundEvent.minecraft.entity.small_magmacube.squish"},{"id":"minecraft:entity.small_slime.death","translationKey":"soundEvent.minecraft.entity.small_slime.death"},{"id":"minecraft:entity.small_slime.hurt","translationKey":"soundEvent.minecraft.entity.small_slime.hurt"},{"id":"minecraft:entity.small_slime.jump","translationKey":"soundEvent.minecraft.entity.small_slime.jump"},{"id":"minecraft:entity.small_slime.squish","translationKey":"soundEvent.minecraft.entity.small_slime.squish"},{"id":"minecraft:entity.snowball.throw","translationKey":"soundEvent.minecraft.entity.snowball.throw"},{"id":"minecraft:entity.snowman.ambient","translationKey":"soundEvent.minecraft.entity.snowman.ambient"},{"id":"minecraft:entity.snowman.death","translationKey":"soundEvent.minecraft.entity.snowman.death"},{"id":"minecraft:entity.snowman.hurt","translationKey":"soundEvent.minecraft.entity.snowman.hurt"},{"id":"minecraft:entity.snowman.shoot","translationKey":"soundEvent.minecraft.entity.snowman.shoot"},{"id":"minecraft:entity.spider.ambient","translationKey":"soundEvent.minecraft.entity.spider.ambient"},{"id":"minecraft:entity.spider.death","translationKey":"soundEvent.minecraft.entity.spider.death"},{"id":"minecraft:entity.spider.hurt","translationKey":"soundEvent.minecraft.entity.spider.hurt"},{"id":"minecraft:entity.spider.step","translationKey":"soundEvent.minecraft.entity.spider.step"},{"id":"minecraft:entity.splash_potion.break","translationKey":"soundEvent.minecraft.entity.splash_potion.break"},{"id":"minecraft:entity.splash_potion.throw","translationKey":"soundEvent.minecraft.entity.splash_potion.throw"},{"id":"minecraft:entity.squid.ambient","translationKey":"soundEvent.minecraft.entity.squid.ambient"},{"id":"minecraft:entity.squid.death","translationKey":"soundEvent.minecraft.entity.squid.death"},{"id":"minecraft:entity.squid.hurt","translationKey":"soundEvent.minecraft.entity.squid.hurt"},{"id":"minecraft:entity.stray.ambient","translationKey":"soundEvent.minecraft.entity.stray.ambient"},{"id":"minecraft:entity.stray.death","translationKey":"soundEvent.minecraft.entity.stray.death"},{"id":"minecraft:entity.stray.hurt","translationKey":"soundEvent.minecraft.entity.stray.hurt"},{"id":"minecraft:entity.stray.step","translationKey":"soundEvent.minecraft.entity.stray.step"},{"id":"minecraft:entity.tnt.primed","translationKey":"soundEvent.minecraft.entity.tnt.primed"},{"id":"minecraft:entity.vex.ambient","translationKey":"soundEvent.minecraft.entity.vex.ambient"},{"id":"minecraft:entity.vex.charge","translationKey":"soundEvent.minecraft.entity.vex.charge"},{"id":"minecraft:entity.vex.death","translationKey":"soundEvent.minecraft.entity.vex.death"},{"id":"minecraft:entity.vex.hurt","translationKey":"soundEvent.minecraft.entity.vex.hurt"},{"id":"minecraft:entity.villager.ambient","translationKey":"soundEvent.minecraft.entity.villager.ambient"},{"id":"minecraft:entity.villager.death","translationKey":"soundEvent.minecraft.entity.villager.death"},{"id":"minecraft:entity.villager.hurt","translationKey":"soundEvent.minecraft.entity.villager.hurt"},{"id":"minecraft:entity.villager.no","translationKey":"soundEvent.minecraft.entity.villager.no"},{"id":"minecraft:entity.villager.trading","translationKey":"soundEvent.minecraft.entity.villager.trading"},{"id":"minecraft:entity.villager.yes","translationKey":"soundEvent.minecraft.entity.villager.yes"},{"id":"minecraft:entity.vindication_illager.ambient","translationKey":"soundEvent.minecraft.entity.vindication_illager.ambient"},{"id":"minecraft:entity.vindication_illager.death","translationKey":"soundEvent.minecraft.entity.vindication_illager.death"},{"id":"minecraft:entity.vindication_illager.hurt","translationKey":"soundEvent.minecraft.entity.vindication_illager.hurt"},{"id":"minecraft:entity.witch.ambient","translationKey":"soundEvent.minecraft.entity.witch.ambient"},{"id":"minecraft:entity.witch.death","translationKey":"soundEvent.minecraft.entity.witch.death"},{"id":"minecraft:entity.witch.drink","translationKey":"soundEvent.minecraft.entity.witch.drink"},{"id":"minecraft:entity.witch.hurt","translationKey":"soundEvent.minecraft.entity.witch.hurt"},{"id":"minecraft:entity.witch.throw","translationKey":"soundEvent.minecraft.entity.witch.throw"},{"id":"minecraft:entity.wither.ambient","translationKey":"soundEvent.minecraft.entity.wither.ambient"},{"id":"minecraft:entity.wither.break_block","translationKey":"soundEvent.minecraft.entity.wither.break_block"},{"id":"minecraft:entity.wither.death","translationKey":"soundEvent.minecraft.entity.wither.death"},{"id":"minecraft:entity.wither.hurt","translationKey":"soundEvent.minecraft.entity.wither.hurt"},{"id":"minecraft:entity.wither.shoot","translationKey":"soundEvent.minecraft.entity.wither.shoot"},{"id":"minecraft:entity.wither.spawn","translationKey":"soundEvent.minecraft.entity.wither.spawn"},{"id":"minecraft:entity.wither_skeleton.ambient","translationKey":"soundEvent.minecraft.entity.wither_skeleton.ambient"},{"id":"minecraft:entity.wither_skeleton.death","translationKey":"soundEvent.minecraft.entity.wither_skeleton.death"},{"id":"minecraft:entity.wither_skeleton.hurt","translationKey":"soundEvent.minecraft.entity.wither_skeleton.hurt"},{"id":"minecraft:entity.wither_skeleton.step","translationKey":"soundEvent.minecraft.entity.wither_skeleton.step"},{"id":"minecraft:entity.wolf.ambient","translationKey":"soundEvent.minecraft.entity.wolf.ambient"},{"id":"minecraft:entity.wolf.death","translationKey":"soundEvent.minecraft.entity.wolf.death"},{"id":"minecraft:entity.wolf.growl","translationKey":"soundEvent.minecraft.entity.wolf.growl"},{"id":"minecraft:entity.wolf.howl","translationKey":"soundEvent.minecraft.entity.wolf.howl"},{"id":"minecraft:entity.wolf.hurt","translationKey":"soundEvent.minecraft.entity.wolf.hurt"},{"id":"minecraft:entity.wolf.pant","translationKey":"soundEvent.minecraft.entity.wolf.pant"},{"id":"minecraft:entity.wolf.shake","translationKey":"soundEvent.minecraft.entity.wolf.shake"},{"id":"minecraft:entity.wolf.step","translationKey":"soundEvent.minecraft.entity.wolf.step"},{"id":"minecraft:entity.wolf.whine","translationKey":"soundEvent.minecraft.entity.wolf.whine"},{"id":"minecraft:entity.zombie.ambient","translationKey":"soundEvent.minecraft.entity.zombie.ambient"},{"id":"minecraft:entity.zombie.attack_door_wood","translationKey":"soundEvent.minecraft.entity.zombie.attack_door_wood"},{"id":"minecraft:entity.zombie.attack_iron_door","translationKey":"soundEvent.minecraft.entity.zombie.attack_iron_door"},{"id":"minecraft:entity.zombie.break_door_wood","translationKey":"soundEvent.minecraft.entity.zombie.break_door_wood"},{"id":"minecraft:entity.zombie.death","translationKey":"soundEvent.minecraft.entity.zombie.death"},{"id":"minecraft:entity.zombie.hurt","translationKey":"soundEvent.minecraft.entity.zombie.hurt"},{"id":"minecraft:entity.zombie.infect","translationKey":"soundEvent.minecraft.entity.zombie.infect"},{"id":"minecraft:entity.zombie.step","translationKey":"soundEvent.minecraft.entity.zombie.step"},{"id":"minecraft:entity.zombie_horse.ambient","translationKey":"soundEvent.minecraft.entity.zombie_horse.ambient"},{"id":"minecraft:entity.zombie_horse.death","translationKey":"soundEvent.minecraft.entity.zombie_horse.death"},{"id":"minecraft:entity.zombie_horse.hurt","translationKey":"soundEvent.minecraft.entity.zombie_horse.hurt"},{"id":"minecraft:entity.zombie_pig.ambient","translationKey":"soundEvent.minecraft.entity.zombie_pig.ambient"},{"id":"minecraft:entity.zombie_pig.angry","translationKey":"soundEvent.minecraft.entity.zombie_pig.angry"},{"id":"minecraft:entity.zombie_pig.death","translationKey":"soundEvent.minecraft.entity.zombie_pig.death"},{"id":"minecraft:entity.zombie_pig.hurt","translationKey":"soundEvent.minecraft.entity.zombie_pig.hurt"},{"id":"minecraft:entity.zombie_villager.ambient","translationKey":"soundEvent.minecraft.entity.zombie_villager.ambient"},{"id":"minecraft:entity.zombie_villager.converted","translationKey":"soundEvent.minecraft.entity.zombie_villager.converted"},{"id":"minecraft:entity.zombie_villager.cure","translationKey":"soundEvent.minecraft.entity.zombie_villager.cure"},{"id":"minecraft:entity.zombie_villager.death","translationKey":"soundEvent.minecraft.entity.zombie_villager.death"},{"id":"minecraft:entity.zombie_villager.hurt","translationKey":"soundEvent.minecraft.entity.zombie_villager.hurt"},{"id":"minecraft:entity.zombie_villager.step","translationKey":"soundEvent.minecraft.entity.zombie_villager.step"},{"id":"minecraft:item.armor.equip_chain","translationKey":"soundEvent.minecraft.item.armor.equip_chain"},{"id":"minecraft:item.armor.equip_diamond","translationKey":"soundEvent.minecraft.item.armor.equip_diamond"},{"id":"minecraft:item.armor.equip_elytra","translationKey":"soundEvent.minecraft.item.armor.equip_elytra"},{"id":"minecraft:item.armor.equip_generic","translationKey":"soundEvent.minecraft.item.armor.equip_generic"},{"id":"minecraft:item.armor.equip_gold","translationKey":"soundEvent.minecraft.item.armor.equip_gold"},{"id":"minecraft:item.armor.equip_iron","translationKey":"soundEvent.minecraft.item.armor.equip_iron"},{"id":"minecraft:item.armor.equip_leather","translationKey":"soundEvent.minecraft.item.armor.equip_leather"},{"id":"minecraft:item.bottle.empty","translationKey":"soundEvent.minecraft.item.bottle.empty"},{"id":"minecraft:item.bottle.fill","translationKey":"soundEvent.minecraft.item.bottle.fill"},{"id":"minecraft:item.bottle.fill_dragonbreath","translationKey":"soundEvent.minecraft.item.bottle.fill_dragonbreath"},{"id":"minecraft:item.bucket.empty","translationKey":"soundEvent.minecraft.item.bucket.empty"},{"id":"minecraft:item.bucket.empty_lava","translationKey":"soundEvent.minecraft.item.bucket.empty_lava"},{"id":"minecraft:item.bucket.fill","translationKey":"soundEvent.minecraft.item.bucket.fill"},{"id":"minecraft:item.bucket.fill_lava","translationKey":"soundEvent.minecraft.item.bucket.fill_lava"},{"id":"minecraft:item.chorus_fruit.teleport","translationKey":"soundEvent.minecraft.item.chorus_fruit.teleport"},{"id":"minecraft:item.elytra.flying","translationKey":"soundEvent.minecraft.item.elytra.flying"},{"id":"minecraft:item.firecharge.use","translationKey":"soundEvent.minecraft.item.firecharge.use"},{"id":"minecraft:item.flintandsteel.use","translationKey":"soundEvent.minecraft.item.flintandsteel.use"},{"id":"minecraft:item.hoe.till","translationKey":"soundEvent.minecraft.item.hoe.till"},{"id":"minecraft:item.shield.block","translationKey":"soundEvent.minecraft.item.shield.block"},{"id":"minecraft:item.shield.break","translationKey":"soundEvent.minecraft.item.shield.break"},{"id":"minecraft:item.shovel.flatten","translationKey":"soundEvent.minecraft.item.shovel.flatten"},{"id":"minecraft:item.totem.use","translationKey":"soundEvent.minecraft.item.totem.use"},{"id":"minecraft:music.creative","translationKey":"soundEvent.minecraft.music.creative"},{"id":"minecraft:music.credits","translationKey":"soundEvent.minecraft.music.credits"},{"id":"minecraft:music.dragon","translationKey":"soundEvent.minecraft.music.dragon"},{"id":"minecraft:music.end","translationKey":"soundEvent.minecraft.music.end"},{"id":"minecraft:music.game","translationKey":"soundEvent.minecraft.music.game"},{"id":"minecraft:music.menu","translationKey":"soundEvent.minecraft.music.menu"},{"id":"minecraft:music.nether","translationKey":"soundEvent.minecraft.music.nether"},{"id":"minecraft:record.11","translationKey":"soundEvent.minecraft.record.11"},{"id":"minecraft:record.13","translationKey":"soundEvent.minecraft.record.13"},{"id":"minecraft:record.blocks","translationKey":"soundEvent.minecraft.record.blocks"},{"id":"minecraft:record.cat","translationKey":"soundEvent.minecraft.record.cat"},{"id":"minecraft:record.chirp","translationKey":"soundEvent.minecraft.record.chirp"},{"id":"minecraft:record.far","translationKey":"soundEvent.minecraft.record.far"},{"id":"minecraft:record.mall","translationKey":"soundEvent.minecraft.record.mall"},{"id":"minecraft:record.mellohi","translationKey":"soundEvent.minecraft.record.mellohi"},{"id":"minecraft:record.stal","translationKey":"soundEvent.minecraft.record.stal"},{"id":"minecraft:record.strad","translationKey":"soundEvent.minecraft.record.strad"},{"id":"minecraft:record.wait","translationKey":"soundEvent.minecraft.record.wait"},{"id":"minecraft:record.ward","translationKey":"soundEvent.minecraft.record.ward"},{"id":"minecraft:ui.button.click","translationKey":"soundEvent.minecraft.ui.button.click"},{"id":"minecraft:ui.toast.in","translationKey":"soundEvent.minecraft.ui.toast.in"},{"id":"minecraft:ui.toast.out","translationKey":"soundEvent.minecraft.ui.toast.out"},{"id":"minecraft:ui.toast.challenge_complete","translationKey":"soundEvent.minecraft.ui.toast.challenge_complete"},{"id":"minecraft:weather.rain","translationKey":"soundEvent.minecraft.weather.rain"},{"id":"minecraft:weather.rain.above","translationKey":"soundEvent.minecraft.weather.rain.above"}]