[{"id":"minecraft:wood","translationKey":"soundType.minecraft.wood","icon":{"id":"minecraft:log","metadata":0}},{"id":"minecraft:ground","translationKey":"soundType.minecraft.ground","icon":{"id":"minecraft:dirt","metadata":0}},{"id":"minecraft:plant","translationKey":"soundType.minecraft.plant","icon":{"id":"minecraft:grass","metadata":0}},{"id":"minecraft:stone","translationKey":"soundType.minecraft.stone","icon":{"id":"minecraft:stone","metadata":0}},{"id":"minecraft:metal","translationKey":"soundType.minecraft.metal","icon":{"id":"minecraft:iron_block","metadata":0}},{"id":"minecraft:glass","translationKey":"soundType.minecraft.glass","icon":{"id":"minecraft:glass","metadata":0}},{"id":"minecraft:cloth","translationKey":"soundType.minecraft.cloth","icon":{"id":"minecraft:wool","metadata":0}},{"id":"minecraft:sand","translationKey":"soundType.minecraft.sand","icon":{"id":"minecraft:sand","metadata":0}},{"id":"minecraft:snow","translationKey":"soundType.minecraft.snow","icon":{"id":"minecraft:snow","metadata":0}},{"id":"minecraft:ladder","translationKey":"soundType.minecraft.ladder","icon":{"id":"minecraft:ladder","metadata":0}},{"id":"minecraft:anvil","translationKey":"soundType.minecraft.anvil","icon":{"id":"minecraft:anvil","metadata":0}},{"id":"minecraft:slime","translationKey":"soundType.minecraft.slime","icon":{"id":"minecraft:slime","metadata":0}}]